path_id,endpoint,clock_domain,slack_ns,delay_ns,inst_ids
0,u_47465,clk_nand,-0.244,1.097,2859;5112;6973;12472;18233;22644;41891;47465
1,u_49645,clk_core,0.698,0.886,15516;21725;32329;34219;35252;36343;39559;47105;49201;49645
2,u_39396,clk_nand,0.939,0.672,4044;25822;39396
3,u_49380,clk_core,0.589,1.065,6321;15456;21517;22551;23017;37110;42767;43632;48695;49380
4,u_48668,clk_core,-0.312,1.089,264;655;4087;41188;42596;48668
5,u_44308,clk_core,0.536,0.617,4160;6027;6174;6626;23792;37594;44308
6,u_49929,clk_host,1.621,0.687,6044;23689;32204;40713;41431;46889;47199;47301;49929
7,u_50699,clk_core,1.374,1.218,871;6766;9720;11074;15176;19971;23203;38487;42223;49635;50699
8,u_42316,clk_core,1.458,0.972,11554;12716;19130;40681;42316
9,u_47510,clk_host,0.765,0.509,1366;2223;2344;21344;47510
10,u_46703,clk_nand,1.91,1.024,13990;18144;19081;35124;44050;46703
11,u_36344,clk_nand,0.308,0.655,2268;3135;20046;20964;21388;25927;32386;36344
12,u_44789,clk_core,-0.098,1.192,2345;4877;13875;18395;23883;26786;28458;30788;36773;38532;44789
13,u_52274,clk_core,0.762,1.162,6260;7075;7435;8381;9019;10958;11155;39695;46448;50643;52274
14,u_45751,clk_core,0.38,1.012,6093;14102;22047;29617;38025;40572;45751
15,u_46522,clk_core,1.559,0.696,928;16076;16244;16371;25059;25422;35071;46522
16,u_38039,clk_nand,0.647,0.972,11659;23454;24380;25927;27208;29607;31552;38039
17,u_25149,clk_core,1.068,0.869,14091;17278;25149
18,u_51873,clk_core,1.816,1.051,32848;39494;41110;51873
19,u_49169,clk_host,0.891,0.788,4317;27775;36343;41470;45369;49169
20,u_50359,clk_core,1.063,0.574,15844;21193;24889;25850;27788;31102;35446;40344;48236;50359
21,u_49982,clk_core,0.143,0.939,5944;11645;16477;23123;34969;37434;39844;45210;45886;49982
22,u_48869,clk_core,1.782,1.19,5967;7743;9762;11025;13735;26180;30715;41004;48869
23,u_34530,clk_core,0.517,0.966,3258;4035;5812;13746;15746;26970;27331;28221;29544;33657;34530
24,u_51013,clk_core,0.861,0.798,1309;15329;19917;36599;41425;51013
25,u_51568,clk_host,1.233,0.673,333;1547;9950;10585;16882;35661;37677;42033;44554;45043;51568
26,u_46840,clk_nand,0.607,0.849,1547;2029;14094;23533;38842;43190;46840
27,u_45256,clk_core,1.984,0.738,3937;6006;7925;9477;9480;11194;12943;30130;31159;45256
28,u_27758,clk_core,1.441,0.971,2737;6883;16012;23855;24210;24811;27758
29,u_38997,clk_core,1.591,1.107,20300;30458;38997
30,u_45010,clk_core,0.154,0.975,1301;2881;12708;20432;20829;35585;36680;45010
31,u_50357,clk_core,1.079,0.95,6095;8976;27135;29272;41170;46294;50357
32,u_45811,clk_nand,1.563,0.574,8537;20623;23247;25757;28737;32543;33862;38197;45811
33,u_31796,clk_core,1.678,0.635,1004;1615;7148;24123;28277;31796
34,u_52061,clk_core,-0.049,1.199,4550;12284;15932;39038;52061
35,u_38062,clk_core,0.014,0.861,8525;18765;19878;26013;38062
36,u_38371,clk_nand,0.173,0.677,8257;10069;10107;17604;20243;22924;28151;31365;38371
37,u_44541,clk_core,1.74,0.923,774;4554;7396;11012;14500;18447;35518;43882;44541
38,u_51444,clk_nand,1.539,0.797,4903;10419;37352;41309;51444
39,u_48710,clk_core,0.729,1.184,4523;10500;27969;28303;28405;28412;37749;41226;48710
40,u_46975,clk_core,0.88,0.758,9946;17424;26217;33316;34446;35994;43729;45107;46146;46496;46975
41,u_40057,clk_nand,0.299,0.835,4303;5542;14550;19557;21245;38783;40057
42,u_37433,clk_core,1.86,0.878,6549;8366;10998;14821;19398;33110;36950;37433
43,u_41962,clk_core,1.505,0.966,5163;19242;38678;41962
44,u_43765,clk_core,-0.242,1.109,211;4190;7970;13935;16093;23651;24952;28677;31510;38393;43765
45,u_51550,clk_core,-0.409,1.035,3870;13009;22729;22731;42288;47836;51550
46,u_50592,clk_nand,1.191,0.881,8284;9871;10548;16977;21018;39573;40441;44228;46356;50592
47,u_45148,clk_host,0.362,0.802,527;926;2188;6552;21785;22592;23061;23834;31115;34221;45148
48,u_44686,clk_core,1.407,0.837,4119;33326;36465;44686
49,u_52106,clk_core,0.093,1.128,1220;1719;4489;7655;8569;16646;25379;35817;44665;52106
50,u_49862,clk_core,1.032,0.629,8218;11771;38753;49862
51,u_39629,clk_core,1.229,1.179,1527;16075;31515;34199;34269;39629
52,u_42435,clk_host,1.324,0.727,3017;4231;8115;12377;13712;16220;22220;23697;41692;42435
53,u_51719,clk_core,-0.243,0.533,3875;33302;43704;47559;48774;48817;51719
54,u_44581,clk_nand,0.531,0.965,2310;20054;29604;30095;39066;39382;44581
55,u_50455,clk_core,0.444,0.703,2216;4589;16884;20215;32519;44246;50455
56,u_48270,clk_core,1.522,1.17,15268;22684;43708;48270
57,u_44809,clk_core,0.248,0.721,1823;9915;39580;44417;44809
58,u_45759,clk_core,1.788,0.948,6925;9244;12134;33773;37057;40385;45759
59,u_49739,clk_nand,0.311,0.937,2569;16021;38152;38749;49739
60,u_51139,clk_core,0.838,0.531,1298;16365;51139
61,u_40004,clk_core,0.324,0.921,283;24970;26013;26642;35829;37193;38343;40004
62,u_47905,clk_host,1.69,0.528,10340;15143;15221;19963;25001;28127;36740;42116;43775;47905
63,u_47953,clk_nand,0.743,0.765,5720;12615;17573;19988;32084;38022;45960;46990;47091;47953
64,u_46213,clk_core,1.008,0.602,9121;14405;29732;36052;39268;43083;46213
65,u_49045,clk_nand,-0.292,0.912,6738;24964;33537;47967;49045
66,u_52310,clk_nand,1.595,0.668,40;7124;30080;38945;42528;42606;48667;52310
67,u_44699,clk_core,1.501,0.735,3941;5737;18642;21512;27515;30926;44699
68,u_49219,clk_core,0.66,1.025,52;14825;49219
69,u_48274,clk_core,-0.175,0.511,443;844;14706;35321;41091;43099;44225;44769;48274
70,u_49978,clk_core,0.736,0.875,3519;6159;8859;18187;20774;27129;28128;30144;36647;38068;49978
71,u_50166,clk_core,1.021,1.069,6269;9733;20809;22144;26766;39562;41488;43114;46409;49200;50166
72,u_40527,clk_core,0.289,0.515,4343;4731;9658;10950;13293;19817;25421;32996;40527
73,u_52259,clk_nand,1.368,1.087,14897;16810;21820;23974;30721;44723;49589;52259
74,u_47628,clk_core,1.726,0.911,452;938;7459;24679;27264;38019;47393;47628
75,u_42098,clk_core,0.07,0.679,1081;21976;28410;42098
76,u_41510,clk_core,1.962,1.108,1588;6048;8523;23082;26612;27899;35315;40599;41510
77,u_46996,clk_nand,0.662,0.925,19001;28020;45401;46996
78,u_42530,clk_core,1.334,0.578,8482;10081;15147;16783;23629;26898;28296;31102;42530
79,u_36180,clk_nand,1.016,0.606,446;1148;5080;14908;36180
80,u_50719,clk_nand,0.307,0.879,1033;9611;10268;22621;26574;29169;36984;46211;49191;50706;50719
81,u_39190,clk_core,0.258,0.711,12756;21127;24629;39190
82,u_44408,clk_core,0.766,0.531,2707;5017;6822;6992;10172;12383;13500;18318;28350;43602;44408
83,u_44479,clk_core,0.366,0.904,15095;34796;41148;44479
84,u_49581,clk_nand,-0.045,0.877,22749;22898;30630;31803;33487;40735;44606;47857;49581
85,u_47474,clk_nand,0.281,1.155,6558;7465;12919;14428;19144;21186;47474
86,u_49182,clk_nand,0.047,0.513,7556;9051;28550;36190;49182
87,u_46858,clk_nand,1.398,0.527,1621;15986;27046;28030;30439;36779;38662;45352;46858
88,u_33361,clk_nand,0.031,0.662,4474;12830;13483;20616;21665;22975;25068;27553;28155;33361
89,u_47778,clk_nand,0.477,0.603,30861;37150;47759;47778
90,u_47715,clk_core,0.483,0.772,3647;4480;14930;17760;20292;22922;28446;31970;42508;47715
91,u_49678,clk_core,0.3,0.788,6191;13976;17229;23030;36552;45375;48424;49678
92,u_41329,clk_nand,1.935,0.851,18322;22781;30470;31993;32903;41329
93,u_35430,clk_core,0.145,0.513,10824;11316;23561;35430
94,u_49981,clk_nand,0.13,1.105,11382;11675;13288;15753;16614;20838;28957;37876;38147;40279;49981
95,u_50699,clk_core,0.939,0.802,5561;10155;11852;14242;25961;29359;31113;33127;41099;42140;50699
96,u_49955,clk_nand,-0.297,0.917,1747;10618;15568;16518;37437;49955
97,u_47347,clk_nand,1.64,0.726,31910;41166;45477;47347
98,u_47469,clk_host,0.711,0.967,9234;13433;26082;39090;47469
99,u_45200,clk_nand,0.737,0.886,6145;12967;25693;26922;37815;45200
