inst_id,inst_name,module,cell_type,x_um,y_um,area_um2,cap_ff,is_seq,is_clk,is_macro
0,_496_,top,INV_X1,18.81,9.1,0.532,1.17,0,0,0
1,_497_,top,INV_X1,17.48,9.1,0.532,1.17,0,0,0
2,_498_,top,NAND2_X2,18.145,9.1,1.33,2.926,0,0,0
3,_499_,top,NAND2_X2,19.285,6.3,1.33,2.926,0,0,0
4,_500_,top,NAND2_X4,28.215,11.9,2.394,5.267,0,0,0
5,_501_,top,INV_X2,21.565,6.3,0.798,1.756,0,0,0
6,_502_,top,INV_X1,22.8,7.7,0.532,1.17,0,0,0
7,_503_,top,NAND2_X4,23.465,10.5,2.394,5.267,0,0,0
8,_504_,top,NAND2_X2,23.845,7.7,1.33,2.926,0,0,0
9,_505_,top,NAND2_X4,24.035,9.1,2.394,5.267,0,0,0
10,_506_,top,NOR2_X4,32.205,9.1,2.394,5.267,0,0,0
11,_507_,top,NAND2_X4,24.795,3.5,2.394,5.267,0,0,0
12,_508_,top,NOR2_X1,27.835,6.3,0.798,1.756,0,0,0
13,input15,top,BUF_X1,18.335,2.1,0.798,1.756,0,0,0
14,_510_,top,NAND2_X4,28.405,4.9,2.394,5.267,0,0,0
15,_511_,top,OAI21_X2,28.785,6.3,1.862,4.096,0,0,0
16,_512_,top,NAND2_X1,32.205,7.7,0.798,1.756,0,0,0
17,_513_,top,NAND2_X1,25.365,10.5,0.798,1.756,0,0,0
18,_514_,top,NAND2_X1,24.795,10.5,0.798,1.756,0,0,0
19,_515_,top,NAND2_X1,34.105,10.5,0.798,1.756,0,0,0
20,_516_,top,INV_X1,32.87,11.9,0.532,1.17,0,0,0
21,_517_,top,INV_X2,23.845,6.3,0.798,1.756,0,0,0
22,_518_,top,INV_X1,24.32,6.3,0.532,1.17,0,0,0
23,_519_,top,NAND2_X4,25.365,6.3,2.394,5.267,0,0,0
24,_520_,top,NAND2_X4,27.645,9.1,2.394,5.267,0,0,0
25,_521_,top,INV_X2,27.075,3.5,0.798,1.756,0,0,0
26,_522_,top,INV_X1,27.74,3.5,0.532,1.17,0,0,0
27,_523_,top,NAND2_X2,30.115,3.5,1.33,2.926,0,0,0
28,_524_,top,NAND2_X2,29.735,4.9,1.33,2.926,0,0,0
29,_525_,top,NOR2_X2,33.535,6.3,1.33,2.926,0,0,0
30,_526_,top,NOR2_X4,7.885,2.1,2.394,5.267,0,0,0
31,_527_,top,INV_X2,31.635,6.3,0.798,1.756,0,0,0
32,_528_,top,NAND3_X1,31.54,7.7,1.064,2.341,0,0,0
33,_529_,top,NAND2_X1,32.205,11.9,0.798,1.756,0,0,0
34,_530_,top,INV_X2,26.315,13.3,0.798,1.756,0,0,0
35,_531_,top,INV_X1,27.17,11.9,0.532,1.17,0,0,0
36,_532_,top,NAND2_X4,27.835,13.3,2.394,5.267,0,0,0
37,_533_,top,NAND2_X2,27.645,16.1,1.33,2.926,0,0,0
38,_534_,top,NAND2_X4,30.115,14.7,2.394,5.267,0,0,0
39,_535_,top,XNOR2_X2,33.25,13.3,2.66,5.852,0,0,0
40,_536_,top,NOR2_X4,31.445,3.5,2.394,5.267,0,0,0
41,_537_,top,NOR2_X4,28.595,2.1,2.394,5.267,0,0,0
42,_538_,top,OAI21_X4,30.685,2.1,3.458,7.608,0,0,0
43,_539_,top,NAND2_X4,29.735,10.5,2.394,5.267,0,0,0
44,_540_,top,NOR2_X1,21.755,7.7,0.798,1.756,0,0,0
45,_541_,top,OAI21_X2,28.025,7.7,1.862,4.096,0,0,0
46,_542_,top,INV_X1,26.98,10.5,0.532,1.17,0,0,0
47,_543_,top,NAND2_X4,28.025,10.5,2.394,5.267,0,0,0
48,_544_,top,XNOR2_X2,25.84,9.1,2.66,5.852,0,0,0
49,_545_,top,INV_X1,28.69,9.1,0.532,1.17,0,0,0
50,_546_,top,NOR2_X2,29.165,7.7,1.33,2.926,0,0,0
51,_547_,top,NAND2_X4,30.495,9.1,2.394,5.267,0,0,0
52,_548_,top,NAND2_X4,30.305,6.3,2.394,5.267,0,0,0
53,_549_,top,XNOR2_X2,26.41,7.7,2.66,5.852,0,0,0
54,_550_,top,XNOR2_X2,33.25,4.9,2.66,5.852,0,0,0
55,_551_,top,XNOR2_X2,33.44,7.7,2.66,5.852,0,0,0
56,_552_,top,XNOR2_X2,8.55,3.5,2.66,5.852,0,0,0
57,_553_,top,INV_X1,31.73,11.9,0.532,1.17,0,0,0
58,_554_,top,INV_X1,32.87,10.5,0.532,1.17,0,0,0
59,_555_,top,NAND2_X1,31.445,10.5,0.798,1.756,0,0,0
60,_556_,top,INV_X1,29.45,16.1,0.532,1.17,0,0,0
61,_557_,top,NOR2_X1,26.885,16.1,0.798,1.756,0,0,0
62,_558_,top,NOR2_X1,31.065,16.1,0.798,1.756,0,0,0
63,_559_,top,INV_X2,21.565,14.7,0.798,1.756,0,0,0
64,_560_,top,NAND2_X4,21.945,11.9,2.394,5.267,0,0,0
65,_561_,top,INV_X1,22.99,13.3,0.532,1.17,0,0,0
66,_562_,top,NAND2_X1,23.085,16.1,0.798,1.756,0,0,0
67,_563_,top,NAND2_X4,22.705,14.7,2.394,5.267,0,0,0
68,_564_,top,NAND2_X2,28.595,16.1,1.33,2.926,0,0,0
69,_565_,top,NOR2_X2,29.925,17.5,1.33,2.926,0,0,0
70,_566_,top,NAND2_X1,28.785,20.3,0.798,1.756,0,0,0
71,_567_,top,NAND2_X1,22.515,13.3,0.798,1.756,0,0,0
72,_568_,top,NAND2_X1,27.075,14.7,0.798,1.756,0,0,0
73,_569_,top,NAND2_X1,23.655,16.1,0.798,1.756,0,0,0
74,_570_,top,NAND2_X1,30.495,16.1,0.798,1.756,0,0,0
75,_571_,top,OAI21_X2,28.405,17.5,1.862,4.096,0,0,0
76,_572_,top,INV_X1,26.98,18.9,0.532,1.17,0,0,0
77,_573_,top,NAND2_X1,33.155,18.9,0.798,1.756,0,0,0
78,_574_,top,NAND2_X2,12.635,30.1,1.33,2.926,0,0,0
79,_575_,top,INV_X2,16.815,28.7,0.798,1.756,0,0,0
80,_576_,top,NOR2_X2,13.395,28.7,1.33,2.926,0,0,0
81,_577_,top,NOR2_X4,17.385,30.1,2.394,5.267,0,0,0
82,_578_,top,NAND2_X1,17.765,31.5,0.798,1.756,0,0,0
83,_579_,top,INV_X1,18.24,31.5,0.532,1.17,0,0,0
84,_580_,top,NOR2_X1,17.195,31.5,0.798,1.756,0,0,0
85,_581_,top,NOR2_X2,22.325,30.1,1.33,2.926,0,0,0
86,_582_,top,NAND2_X1,28.595,30.1,0.798,1.756,0,0,0
87,_583_,top,NAND2_X1,22.895,32.9,0.798,1.756,0,0,0
88,_584_,top,INV_X2,23.655,32.9,0.798,1.756,0,0,0
89,_585_,top,NOR2_X2,26.315,31.5,1.33,2.926,0,0,0
90,_586_,top,NOR2_X4,27.455,32.9,2.394,5.267,0,0,0
91,_587_,top,NAND2_X2,19.095,25.9,1.33,2.926,0,0,0
92,_588_,top,INV_X4,20.805,27.3,1.33,2.926,0,0,0
93,_589_,top,NOR2_X2,16.435,24.5,1.33,2.926,0,0,0
94,_590_,top,NOR2_X4,27.455,27.3,2.394,5.267,0,0,0
95,_591_,top,NAND2_X1,28.215,25.9,0.798,1.756,0,0,0
96,_592_,top,NOR2_X1,29.735,25.9,0.798,1.756,0,0,0
97,_593_,top,NAND2_X2,14.725,31.5,1.33,2.926,0,0,0
98,_594_,top,INV_X4,17.385,23.1,1.33,2.926,0,0,0
99,_595_,top,NOR2_X2,16.435,23.1,1.33,2.926,0,0,0
100,_596_,top,NOR2_X4,25.745,21.7,2.394,5.267,0,0,0
101,_597_,top,NAND2_X2,17.005,20.3,1.33,2.926,0,0,0
102,_598_,top,INV_X2,20.805,18.9,0.798,1.756,0,0,0
103,_599_,top,NOR2_X2,17.005,21.7,1.33,2.926,0,0,0
104,_600_,top,NOR2_X4,18.335,21.7,2.394,5.267,0,0,0
105,_601_,top,NAND2_X2,27.835,21.7,1.33,2.926,0,0,0
106,_602_,top,INV_X2,16.245,21.7,0.798,1.756,0,0,0
107,_603_,top,NAND2_X1,15.675,20.3,0.798,1.756,0,0,0
108,_604_,top,INV_X1,15.39,18.9,0.532,1.17,0,0,0
109,_605_,top,NAND2_X1,15.865,18.9,0.798,1.756,0,0,0
110,_606_,top,NAND2_X4,17.385,18.9,2.394,5.267,0,0,0
111,_607_,top,INV_X2,16.815,17.5,0.798,1.756,0,0,0
112,_608_,top,NAND2_X4,17.955,17.5,2.394,5.267,0,0,0
113,_609_,top,INV_X1,17.48,16.1,0.532,1.17,0,0,0
114,_610_,top,NAND2_X1,17.955,14.7,0.798,1.756,0,0,0
115,_611_,top,NAND2_X4,19.665,14.7,2.394,5.267,0,0,0
116,_612_,top,NAND2_X2,22.895,18.9,1.33,2.926,0,0,0
117,_613_,top,NOR2_X4,33.155,21.7,2.394,5.267,0,0,0
118,_614_,top,AND2_X1,30.21,23.1,1.064,2.341,0,0,0
119,_615_,top,NAND2_X1,27.835,23.1,0.798,1.756,0,0,0
120,_616_,top,INV_X1,23.37,23.1,0.532,1.17,0,0,0
121,_617_,top,OAI21_X2,24.225,23.1,1.862,4.096,0,0,0
122,_618_,top,NAND2_X1,15.105,20.3,0.798,1.756,0,0,0
123,_619_,top,NAND2_X1,17.005,16.1,0.798,1.756,0,0,0
124,_620_,top,NAND2_X1,18.145,20.3,0.798,1.756,0,0,0
125,_621_,top,NAND2_X1,14.345,18.9,0.798,1.756,0,0,0
126,_622_,top,NAND2_X1,13.965,17.5,0.798,1.756,0,0,0
127,_623_,top,OAI21_X2,29.355,24.5,1.862,4.096,0,0,0
128,_624_,top,NAND2_X1,30.685,25.9,0.798,1.756,0,0,0
129,_625_,top,OAI21_X1,19.19,28.7,1.064,2.341,0,0,0
130,_626_,top,INV_X1,28.12,31.5,0.532,1.17,0,0,0
131,_627_,top,OAI21_X1,27.36,31.5,1.064,2.341,0,0,0
132,_628_,top,INV_X1,27.93,28.7,0.532,1.17,0,0,0
133,_629_,top,INV_X1,28.31,28.7,0.532,1.17,0,0,0
134,_630_,top,AOI21_X1,28.88,28.7,1.064,2.341,0,0,0
135,_631_,top,NAND2_X1,29.165,25.9,0.798,1.756,0,0,0
136,_632_,top,INV_X1,28.69,25.9,0.532,1.17,0,0,0
137,_633_,top,NAND2_X1,26.695,24.5,0.798,1.756,0,0,0
138,_634_,top,NAND2_X2,19.475,32.9,1.33,2.926,0,0,0
139,_635_,top,INV_X4,20.425,32.9,1.33,2.926,0,0,0
140,_636_,top,NOR2_X2,19.095,31.5,1.33,2.926,0,0,0
141,_637_,top,NOR2_X4,21.755,32.9,2.394,5.267,0,0,0
142,_638_,top,INV_X1,27.17,25.9,0.532,1.17,0,0,0
143,_639_,top,NAND2_X1,27.645,25.9,0.798,1.756,0,0,0
144,_640_,top,NAND3_X1,28.31,24.5,1.064,2.341,0,0,0
145,_641_,top,NAND2_X1,31.065,27.3,0.798,1.756,0,0,0
146,_642_,top,NAND2_X1,19.285,20.3,0.798,1.756,0,0,0
147,_643_,top,INV_X1,17.67,20.3,0.532,1.17,0,0,0
148,_644_,top,NAND2_X1,21.375,24.5,0.798,1.756,0,0,0
149,_645_,top,NAND2_X4,19.665,18.9,2.394,5.267,0,0,0
150,_646_,top,NAND2_X1,24.225,20.3,0.798,1.756,0,0,0
151,_647_,top,NAND2_X1,18.525,16.1,0.798,1.756,0,0,0
152,_648_,top,NAND2_X1,21.375,16.1,0.798,1.756,0,0,0
153,_649_,top,OAI21_X1,22.8,21.7,1.064,2.341,0,0,0
154,_650_,top,NAND2_X2,24.415,30.1,1.33,2.926,0,0,0
155,_651_,top,NAND2_X4,26.505,23.1,2.394,5.267,0,0,0
156,_652_,top,NOR2_X2,23.085,28.7,1.33,2.926,0,0,0
157,_653_,top,NAND2_X1,26.315,27.3,0.798,1.756,0,0,0
158,_654_,top,INV_X1,21.85,24.5,0.532,1.17,0,0,0
159,_655_,top,OAI21_X4,19.475,24.5,3.458,7.608,0,0,0
160,_656_,top,NOR2_X2,22.135,28.7,1.33,2.926,0,0,0
161,_657_,top,INV_X1,23.56,30.1,0.532,1.17,0,0,0
162,_658_,top,OAI21_X1,21.47,30.1,1.064,2.341,0,0,0
163,_659_,top,INV_X1,20.9,28.7,0.532,1.17,0,0,0
164,_660_,top,NOR2_X1,22.135,27.3,0.798,1.756,0,0,0
165,_661_,top,NAND2_X1,22.705,27.3,0.798,1.756,0,0,0
166,_662_,top,INV_X1,21.66,27.3,0.532,1.17,0,0,0
167,_663_,top,INV_X1,25.08,20.3,0.532,1.17,0,0,0
168,_664_,top,NAND2_X4,25.745,16.1,2.394,5.267,0,0,0
169,_665_,top,INV_X4,24.605,17.5,1.33,2.926,0,0,0
170,_666_,top,NAND2_X1,25.365,17.5,0.798,1.756,0,0,0
171,_667_,top,INV_X2,26.885,21.7,0.798,1.756,0,0,0
172,_668_,top,AND2_X1,24.13,25.9,1.064,2.341,0,0,0
173,_669_,top,NAND2_X1,28.595,14.7,0.798,1.756,0,0,0
174,_670_,top,NAND2_X2,27.835,14.7,1.33,2.926,0,0,0
175,_671_,top,INV_X1,26.79,13.3,0.532,1.17,0,0,0
176,_672_,top,NOR2_X4,30.685,11.9,2.394,5.267,0,0,0
177,_673_,top,AOI21_X1,25.27,11.9,1.064,2.341,0,0,0
178,_674_,top,NAND3_X1,29.45,11.9,1.064,2.341,0,0,0
179,_675_,top,NAND2_X2,32.205,10.5,1.33,2.926,0,0,0
180,_676_,top,NAND2_X1,26.505,25.9,0.798,1.756,0,0,0
181,_677_,top,NAND2_X2,20.235,28.7,1.33,2.926,0,0,0
182,_678_,top,INV_X1,25.65,31.5,0.532,1.17,0,0,0
183,_679_,top,XNOR2_X2,22.99,31.5,2.66,5.852,0,0,0
184,_680_,top,NOR2_X2,29.355,23.1,1.33,2.926,0,0,0
185,_681_,top,NOR2_X2,30.875,17.5,1.33,2.926,0,0,0
186,_682_,top,AND2_X1,30.97,18.9,1.064,2.341,0,0,0
187,_683_,top,NAND2_X1,31.635,18.9,0.798,1.756,0,0,0
188,_684_,top,OAI21_X2,29.735,18.9,1.862,4.096,0,0,0
189,_685_,top,NAND2_X1,30.685,21.7,0.798,1.756,0,0,0
190,_686_,top,NOR2_X1,33.155,24.5,0.798,1.756,0,0,0
191,_687_,top,NOR2_X1,29.925,27.3,0.798,1.756,0,0,0
192,_688_,top,NAND2_X1,30.495,27.3,0.798,1.756,0,0,0
193,_689_,top,INV_X1,30.21,28.7,0.532,1.17,0,0,0
194,_690_,top,NAND2_X1,30.685,28.7,0.798,1.756,0,0,0
195,_691_,top,INV_X1,29.07,30.1,0.532,1.17,0,0,0
196,_692_,top,XNOR2_X1,29.83,30.1,1.596,3.511,0,0,0
197,_693_,top,AND2_X4,28.215,18.9,2.394,5.267,0,0,0
198,_694_,top,NOR2_X4,21.375,21.7,2.394,5.267,0,0,0
199,_695_,top,NAND2_X4,24.035,21.7,2.394,5.267,0,0,0
200,_696_,top,INV_X2,25.935,18.9,0.798,1.756,0,0,0
201,_697_,top,NOR2_X4,29.165,21.7,2.394,5.267,0,0,0
202,_698_,top,OAI21_X2,23.465,17.5,1.862,4.096,0,0,0
203,_699_,top,NAND2_X1,25.555,20.3,0.798,1.756,0,0,0
204,_700_,top,OAI21_X4,21.375,23.1,3.458,7.608,0,0,0
205,_701_,top,INV_X2,25.365,18.9,0.798,1.756,0,0,0
206,_702_,top,NAND2_X4,25.365,25.9,2.394,5.267,0,0,0
207,_703_,top,OAI21_X2,28.975,31.5,1.862,4.096,0,0,0
208,_704_,top,NOR2_X4,25.745,30.1,2.394,5.267,0,0,0
209,_705_,top,INV_X1,24.32,31.5,0.532,1.17,0,0,0
210,_706_,top,NAND2_X2,24.985,31.5,1.33,2.926,0,0,0
211,_707_,top,NAND2_X2,28.785,32.9,1.33,2.926,0,0,0
212,_708_,top,INV_X2,25.745,32.9,0.798,1.756,0,0,0
213,_709_,top,NAND2_X1,29.925,20.3,0.798,1.756,0,0,0
214,_710_,top,INV_X1,30.78,24.5,0.532,1.17,0,0,0
215,_711_,top,NAND2_X1,30.875,23.1,0.798,1.756,0,0,0
216,_712_,top,NAND2_X1,32.015,20.3,0.798,1.756,0,0,0
217,_713_,top,INV_X1,32.11,18.9,0.532,1.17,0,0,0
218,_714_,top,NOR2_X2,33.155,23.1,1.33,2.926,0,0,0
219,_715_,top,OAI21_X1,31.54,23.1,1.064,2.341,0,0,0
220,_716_,top,NOR2_X1,32.395,23.1,0.798,1.756,0,0,0
221,_717_,top,INV_X1,31.92,24.5,0.532,1.17,0,0,0
222,_718_,top,NAND2_X1,32.585,24.5,0.798,1.756,0,0,0
223,_719_,top,NAND2_X1,31.445,24.5,0.798,1.756,0,0,0
224,_720_,top,INV_X2,31.635,25.9,0.798,1.756,0,0,0
225,_721_,top,AOI21_X2,24.035,24.5,1.862,4.096,0,0,0
226,_722_,top,XNOR2_X1,25.27,24.5,1.596,3.511,0,0,0
227,_723_,top,NAND2_X1,28.215,3.5,0.798,1.756,0,0,0
228,_724_,top,NAND2_X1,28.785,3.5,0.798,1.756,0,0,0
229,_725_,top,NAND2_X1,29.355,3.5,0.798,1.756,0,0,0
230,_726_,top,NAND2_X1,30.495,7.7,0.798,1.756,0,0,0
231,_727_,top,NOR2_X1,31.255,14.7,0.798,1.756,0,0,0
232,_728_,top,NAND3_X1,32.49,16.1,1.064,2.341,0,0,0
233,_729_,top,NAND2_X1,32.395,17.5,0.798,1.756,0,0,0
234,_730_,top,INV_X1,32.11,21.7,0.532,1.17,0,0,0
235,_731_,top,NAND4_X1,32.775,20.3,1.33,2.926,0,0,0
236,_732_,top,NAND3_X1,33.63,20.3,1.064,2.341,0,0,0
237,_733_,top,NAND2_X1,20.235,21.7,0.798,1.756,0,0,0
238,_734_,top,NAND2_X1,31.445,20.3,0.798,1.756,0,0,0
239,_735_,top,NAND2_X1,32.585,18.9,0.798,1.756,0,0,0
240,_736_,top,NAND2_X4,27.265,20.3,2.394,5.267,0,0,0
241,_737_,top,INV_X1,22.61,16.1,0.532,1.17,0,0,0
242,_738_,top,NAND2_X4,20.995,17.5,2.394,5.267,0,0,0
243,_739_,top,XOR2_X2,24.225,18.9,2.394,5.267,0,0,0
244,_740_,top,XOR2_X2,26.885,17.5,2.394,5.267,0,0,0
245,_741_,top,XOR2_X2,30.115,13.3,2.394,5.267,0,0,0
246,_742_,top,NAND2_X4,20.995,31.5,2.394,5.267,0,0,0
247,_743_,top,NOR2_X4,25.175,27.3,2.394,5.267,0,0,0
248,_744_,top,AND2_X4,22.135,20.3,2.394,5.267,0,0,0
249,_745_,top,NAND2_X4,20.425,20.3,2.394,5.267,0,0,0
250,input14,top,BUF_X1,19.095,3.5,0.798,1.756,0,0,0
251,_747_,top,NAND2_X4,22.895,25.9,2.394,5.267,0,0,0
252,_748_,top,NOR2_X2,20.235,25.9,1.33,2.926,0,0,0
253,_749_,top,OAI21_X1,20.14,30.1,1.064,2.341,0,0,0
254,_750_,top,NOR2_X4,17.955,28.7,2.394,5.267,0,0,0
255,_751_,top,NAND2_X4,18.715,23.1,2.394,5.267,0,0,0
256,_752_,top,INV_X8,17.765,25.9,2.394,5.267,0,0,0
257,_753_,top,NAND3_X4,5.795,14.7,3.458,7.608,0,0,0
258,input13,top,BUF_X1,17.195,3.5,0.798,1.756,0,0,0
259,_755_,top,INV_X16,2.945,14.7,4.522,9.948,0,0,0
260,_756_,top,NAND2_X4,5.225,20.3,2.394,5.267,0,0,0
261,_757_,top,INV_X16,8.455,7.7,4.522,9.948,0,0,0
262,input12,top,BUF_X1,10.925,3.5,0.798,1.756,0,0,0
263,_759_,top,NAND2_X4,5.035,27.3,2.394,5.267,0,0,0
264,_760_,top,INV_X4,6.555,16.1,1.33,2.926,0,0,0
265,input11,top,BUF_X1,19.285,2.1,0.798,1.756,0,0,0
266,input10,top,BUF_X1,17.385,2.1,0.798,1.756,0,0,0
267,input9,top,BUF_X1,19.855,2.1,0.798,1.756,0,0,0
268,_764_,top,NAND3_X1,14.25,28.7,1.064,2.341,0,0,0
269,input8,top,BUF_X1,9.595,2.1,0.798,1.756,0,0,0
270,_766_,top,NAND2_X1,2.565,27.3,0.798,1.756,0,0,0
271,_767_,top,NAND3_X2,3.515,27.3,1.862,4.096,0,0,0
272,_768_,top,AND2_X1,8.17,28.7,1.064,2.341,0,0,0
273,_769_,top,AOI22_X2,3.515,28.7,2.394,5.267,0,0,0
274,_770_,top,NAND2_X4,3.325,30.1,2.394,5.267,0,0,0
275,_771_,top,NAND2_X2,4.655,30.1,1.33,2.926,0,0,0
276,_772_,top,NAND2_X4,9.025,31.5,2.394,5.267,0,0,0
277,_773_,top,NAND3_X1,12.35,28.7,1.064,2.341,0,0,0
278,input7,top,BUF_X1,1.615,20.3,0.798,1.756,0,0,0
279,_775_,top,NAND2_X1,10.735,31.5,0.798,1.756,0,0,0
280,_776_,top,NAND3_X2,9.215,28.7,1.862,4.096,0,0,0
281,_777_,top,NAND2_X4,11.305,25.9,2.394,5.267,0,0,0
282,_778_,top,NAND3_X1,12.73,27.3,1.064,2.341,0,0,0
283,_779_,top,NAND2_X1,11.875,31.5,0.798,1.756,0,0,0
284,_780_,top,NAND3_X2,11.685,27.3,1.862,4.096,0,0,0
285,_781_,top,NAND2_X4,9.025,24.5,2.394,5.267,0,0,0
286,_782_,top,NAND3_X1,11.78,24.5,1.064,2.341,0,0,0
287,_783_,top,NAND2_X1,11.305,31.5,0.798,1.756,0,0,0
288,_784_,top,NAND3_X2,10.545,24.5,1.862,4.096,0,0,0
289,_785_,top,NAND2_X4,8.645,16.1,2.394,5.267,0,0,0
290,_786_,top,NAND3_X1,11.97,21.7,1.064,2.341,0,0,0
291,_787_,top,NAND2_X1,2.755,18.9,0.798,1.756,0,0,0
292,_788_,top,NAND3_X2,9.215,18.9,1.862,4.096,0,0,0
293,_789_,top,NAND2_X1,3.515,16.1,0.798,1.756,0,0,0
294,_790_,top,OAI21_X1,3.61,18.9,1.064,2.341,0,0,0
295,_791_,top,NAND2_X4,2.945,17.5,2.394,5.267,0,0,0
296,_792_,top,INV_X1,3.61,23.1,0.532,1.17,0,0,0
297,_793_,top,OAI21_X2,4.465,17.5,1.862,4.096,0,0,0
298,_794_,top,NAND2_X4,10.925,13.3,2.394,5.267,0,0,0
299,_795_,top,NAND3_X1,12.54,16.1,1.064,2.341,0,0,0
300,_796_,top,NAND2_X1,4.085,16.1,0.798,1.756,0,0,0
301,_797_,top,NAND3_X2,12.445,17.5,1.862,4.096,0,0,0
302,_798_,top,NAND2_X4,14.535,10.5,2.394,5.267,0,0,0
303,_799_,top,NAND3_X1,17.1,11.9,1.064,2.341,0,0,0
304,_800_,top,NAND2_X1,14.725,3.5,0.798,1.756,0,0,0
305,_801_,top,NAND3_X2,14.725,11.9,1.862,4.096,0,0,0
306,_802_,top,NAND2_X4,12.825,10.5,2.394,5.267,0,0,0
307,_803_,top,NAND3_X1,15.96,4.9,1.064,2.341,0,0,0
308,_804_,top,NAND2_X1,9.785,3.5,0.798,1.756,0,0,0
309,_805_,top,NAND3_X2,10.355,10.5,1.862,4.096,0,0,0
310,_806_,top,NOR2_X1,15.675,7.7,0.798,1.756,0,0,0
311,_807_,top,AOI22_X2,14.535,7.7,2.394,5.267,0,0,0
312,_808_,top,NAND2_X2,11.115,7.7,1.33,2.926,0,0,0
313,_809_,top,NAND2_X1,12.065,13.3,0.798,1.756,0,0,0
314,_810_,top,NAND2_X1,11.875,7.7,0.798,1.756,0,0,0
315,_811_,top,OAI21_X1,10.07,4.9,1.064,2.341,0,0,0
316,_812_,top,NAND2_X1,7.885,4.9,0.798,1.756,0,0,0
317,_813_,top,INV_X1,10.07,9.1,0.532,1.17,0,0,0
318,_814_,top,OAI21_X1,5.13,6.3,1.064,2.341,0,0,0
319,_815_,top,NAND2_X4,14.345,6.3,2.394,5.267,0,0,0
320,_816_,top,NAND3_X1,14.82,9.1,1.064,2.341,0,0,0
321,_817_,top,NAND2_X1,14.155,3.5,0.798,1.756,0,0,0
322,_818_,top,NAND3_X2,14.915,4.9,1.862,4.096,0,0,0
323,_819_,top,NAND2_X2,16.435,3.5,1.33,2.926,0,0,0
324,_820_,top,NAND3_X1,15.58,3.5,1.064,2.341,0,0,0
325,_821_,top,NAND2_X1,11.495,3.5,0.798,1.756,0,0,0
326,_822_,top,NAND3_X2,12.445,3.5,1.862,4.096,0,0,0
327,_823_,top,INV_X1,5.51,3.5,0.532,1.17,0,0,0
328,_824_,top,NOR2_X1,5.985,3.5,0.798,1.756,0,0,0
329,_825_,top,AOI22_X2,2.945,4.9,2.394,5.267,0,0,0
330,_826_,top,NAND2_X2,10.355,2.1,1.33,2.926,0,0,0
331,_827_,top,NAND2_X1,4.085,4.9,0.798,1.756,0,0,0
332,_828_,top,NOR2_X4,5.225,16.1,2.394,5.267,0,0,0
333,_829_,top,INV_X1,14.63,16.1,0.532,1.17,0,0,0
334,_830_,top,NOR2_X1,10.165,28.7,0.798,1.756,0,0,0
335,_831_,top,INV_X1,6.84,11.9,0.532,1.17,0,0,0
336,_832_,top,NOR2_X2,7.695,11.9,1.33,2.926,0,0,0
337,input6,top,BUF_X1,2.375,25.9,0.798,1.756,0,0,0
338,_834_,top,NAND4_X1,6.745,23.1,1.33,2.926,0,0,0
339,_835_,top,INV_X1,8.55,17.5,0.532,1.17,0,0,0
340,input5,top,BUF_X1,1.995,27.3,0.798,1.756,0,0,0
341,_837_,top,OAI21_X1,2.47,23.1,1.064,2.341,0,0,0
342,_838_,top,NAND2_X1,1.805,25.9,0.798,1.756,0,0,0
343,_839_,top,INV_X1,6.08,24.5,0.532,1.17,0,0,0
344,_840_,top,AOI21_X4,10.545,17.5,3.458,7.608,0,0,0
345,input4,top,BUF_X1,10.165,31.5,0.798,1.756,0,0,0
346,_842_,top,NAND2_X2,15.295,28.7,1.33,2.926,0,0,0
347,_843_,top,AOI21_X2,9.785,27.3,1.862,4.096,0,0,0
348,_844_,top,NOR2_X1,14.725,30.1,0.798,1.756,0,0,0
349,_845_,top,NAND4_X1,5.795,25.9,1.33,2.926,0,0,0
350,_846_,top,OAI21_X1,4.56,24.5,1.064,2.341,0,0,0
351,_847_,top,NAND2_X1,4.655,25.9,0.798,1.756,0,0,0
352,_848_,top,INV_X1,7.98,27.3,0.532,1.17,0,0,0
353,_849_,top,NAND2_X2,19.285,30.1,1.33,2.926,0,0,0
354,_850_,top,AOI21_X2,15.675,30.1,1.862,4.096,0,0,0
355,_851_,top,NOR2_X1,13.395,30.1,0.798,1.756,0,0,0
356,_852_,top,NAND4_X1,8.075,25.9,1.33,2.926,0,0,0
357,_853_,top,OAI21_X1,5.32,24.5,1.064,2.341,0,0,0
358,_854_,top,NAND2_X1,7.315,25.9,0.798,1.756,0,0,0
359,_855_,top,INV_X1,8.36,30.1,0.532,1.17,0,0,0
360,_856_,top,NAND2_X1,15.485,31.5,0.798,1.756,0,0,0
361,_857_,top,AOI21_X1,13.3,31.5,1.064,2.341,0,0,0
362,_858_,top,NOR2_X1,14.915,27.3,0.798,1.756,0,0,0
363,_859_,top,NAND4_X1,7.695,24.5,1.33,2.926,0,0,0
364,_860_,top,OAI21_X1,3.8,25.9,1.064,2.341,0,0,0
365,_861_,top,NAND2_X1,6.555,25.9,0.798,1.756,0,0,0
366,_862_,top,INV_X1,8.74,25.9,0.532,1.17,0,0,0
367,_863_,top,NAND2_X1,17.195,24.5,0.798,1.756,0,0,0
368,_864_,top,AOI21_X1,15.77,25.9,1.064,2.341,0,0,0
369,_865_,top,NOR2_X1,12.635,24.5,0.798,1.756,0,0,0
370,_866_,top,NAND4_X1,7.885,23.1,1.33,2.926,0,0,0
371,_867_,top,OAI21_X1,4.18,23.1,1.064,2.341,0,0,0
372,_868_,top,NAND2_X1,6.745,28.7,0.798,1.756,0,0,0
373,_869_,top,INV_X1,5.13,23.1,0.532,1.17,0,0,0
374,_870_,top,NAND2_X1,15.485,24.5,0.798,1.756,0,0,0
375,_871_,top,AOI21_X2,13.585,24.5,1.862,4.096,0,0,0
376,_872_,top,NAND2_X1,13.395,17.5,0.798,1.756,0,0,0
377,input3,top,BUF_X1,11.875,32.9,0.798,1.756,0,0,0
378,input2,top,BUF_X1,12.635,31.5,0.798,1.756,0,0,0
379,_875_,top,NAND4_X1,6.555,20.3,1.33,2.926,0,0,0
380,input1,top,BUF_X1,2.185,6.3,0.798,1.756,0,0,0
381,_877_,top,OAI21_X1,13.49,16.1,1.064,2.341,0,0,0
382,_878_,top,NAND3_X1,10.26,18.9,1.064,2.341,0,0,0
383,_879_,top,OR2_X1,11.02,18.9,1.064,2.341,0,0,0
384,_880_,top,NAND2_X1,11.685,18.9,0.798,1.756,0,0,0
385,_881_,top,INV_X1,12.16,18.9,0.532,1.17,0,0,0
386,_882_,top,NOR2_X1,13.775,18.9,0.798,1.756,0,0,0
387,_883_,top,NAND4_X1,5.795,23.1,1.33,2.926,0,0,0
388,_884_,top,OAI21_X1,1.9,21.7,1.064,2.341,0,0,0
389,_885_,top,NAND2_X1,3.135,21.7,0.798,1.756,0,0,0
390,_886_,top,INV_X1,9.69,21.7,0.532,1.17,0,0,0
391,_887_,top,NAND2_X1,18.715,20.3,0.798,1.756,0,0,0
392,_888_,top,AOI21_X2,14.155,20.3,1.862,4.096,0,0,0
393,_889_,top,NAND2_X1,19.095,17.5,0.798,1.756,0,0,0
394,_890_,top,NAND4_X1,12.825,13.3,1.33,2.926,0,0,0
395,_891_,top,OAI21_X1,20.71,16.1,1.064,2.341,0,0,0
396,_892_,top,NAND3_X1,19.76,17.5,1.064,2.341,0,0,0
397,_893_,top,NAND2_X1,18.525,14.7,0.798,1.756,0,0,0
398,_894_,top,NAND2_X1,20.805,14.7,0.798,1.756,0,0,0
399,_895_,top,INV_X1,16.34,16.1,0.532,1.17,0,0,0
400,_896_,top,NAND2_X2,19.475,13.3,1.33,2.926,0,0,0
401,_897_,top,NAND4_X1,13.775,13.3,1.33,2.926,0,0,0
402,_898_,top,OAI21_X1,18.81,4.9,1.064,2.341,0,0,0
403,_899_,top,NAND3_X2,19.665,16.1,1.862,4.096,0,0,0
404,_900_,top,NAND2_X1,22.325,10.5,0.798,1.756,0,0,0
405,_901_,top,NAND2_X2,19.285,10.5,1.33,2.926,0,0,0
406,_902_,top,INV_X1,17.67,11.9,0.532,1.17,0,0,0
407,_903_,top,NAND2_X1,21.185,7.7,0.798,1.756,0,0,0
408,_904_,top,NAND4_X1,15.675,9.1,1.33,2.926,0,0,0
409,_905_,top,OAI21_X1,19.57,4.9,1.064,2.341,0,0,0
410,_906_,top,NAND3_X1,20.71,10.5,1.064,2.341,0,0,0
411,_907_,top,NAND2_X1,24.415,11.9,0.798,1.756,0,0,0
412,_908_,top,NAND2_X1,23.845,11.9,0.798,1.756,0,0,0
413,_909_,top,INV_X1,24.32,13.3,0.532,1.17,0,0,0
414,_910_,top,NAND2_X1,18.335,7.7,0.798,1.756,0,0,0
415,_911_,top,NAND4_X1,13.205,7.7,1.33,2.926,0,0,0
416,_912_,top,OAI21_X1,17.48,4.9,1.064,2.341,0,0,0
417,_913_,top,NAND3_X1,17.67,7.7,1.064,2.341,0,0,0
418,_914_,top,NAND2_X1,16.245,7.7,0.798,1.756,0,0,0
419,_915_,top,NAND2_X1,16.815,7.7,0.798,1.756,0,0,0
420,_916_,top,INV_X1,16.53,9.1,0.532,1.17,0,0,0
421,_917_,top,NAND2_X1,20.805,6.3,0.798,1.756,0,0,0
422,_918_,top,NAND4_X1,11.115,6.3,1.33,2.926,0,0,0
423,_919_,top,OAI21_X1,19.76,3.5,1.064,2.341,0,0,0
424,_920_,top,NAND3_X1,20.14,6.3,1.064,2.341,0,0,0
425,_921_,top,NAND2_X1,19.665,7.7,0.798,1.756,0,0,0
426,_922_,top,NAND2_X1,20.235,7.7,0.798,1.756,0,0,0
427,_923_,top,INV_X1,20.71,7.7,0.532,1.17,0,0,0
428,_924_,top,NAND2_X1,20.995,4.9,0.798,1.756,0,0,0
429,_925_,top,NAND4_X1,13.015,6.3,1.33,2.926,0,0,0
430,_926_,top,OAI21_X1,18.43,3.5,1.064,2.341,0,0,0
431,_927_,top,NAND3_X1,20.33,4.9,1.064,2.341,0,0,0
432,_928_,top,NAND2_X1,23.275,6.3,0.798,1.756,0,0,0
433,_929_,top,NAND2_X1,23.275,4.9,0.798,1.756,0,0,0
434,_930_,top,INV_X1,23.75,4.9,0.532,1.17,0,0,0
435,_931_,top,NAND2_X1,21.565,4.9,0.798,1.756,0,0,0
436,_932_,top,NAND4_X1,13.205,4.9,1.33,2.926,0,0,0
437,_933_,top,OAI21_X1,20.52,3.5,1.064,2.341,0,0,0
438,_934_,top,NAND3_X1,21.28,3.5,1.064,2.341,0,0,0
439,_935_,top,NAND2_X1,22.515,3.5,0.798,1.756,0,0,0
440,_936_,top,NAND2_X1,23.465,3.5,0.798,1.756,0,0,0
441,_937_,top,INV_X1,22.99,3.5,0.532,1.17,0,0,0
442,_938_,top,NAND2_X1,10.355,6.3,0.798,1.756,0,0,0
443,_939_,top,NAND4_X1,11.115,4.9,1.33,2.926,0,0,0
444,_940_,top,OAI21_X1,5.13,7.7,1.064,2.341,0,0,0
445,_941_,top,NAND3_X1,9.31,4.9,1.064,2.341,0,0,0
446,_942_,top,NAND2_X1,7.505,6.3,0.798,1.756,0,0,0
447,_943_,top,NAND2_X1,3.515,2.1,0.798,1.756,0,0,0
448,_944_,top,INV_X1,5.13,3.5,0.532,1.17,0,0,0
449,_945_,top,AND2_X4,4.845,9.1,2.394,5.267,0,0,0
450,_946_,top,NAND2_X4,6.365,6.3,2.394,5.267,0,0,0
451,_947_,top,INV_X1,6.46,11.9,0.532,1.17,0,0,0
452,_948_,top,OR2_X2,2.375,11.9,1.33,2.926,0,0,0
453,_949_,top,NAND3_X2,1.995,9.1,1.862,4.096,0,0,0
454,_950_,top,NAND3_X1,4.56,10.5,1.064,2.341,0,0,0
455,_951_,top,NAND2_X2,8.645,14.7,1.33,2.926,0,0,0
456,_952_,top,NOR4_X1,12.255,11.9,1.33,2.926,0,0,0
457,_953_,top,NOR4_X1,8.075,20.3,1.33,2.926,0,0,0
458,_954_,top,NOR4_X1,7.695,30.1,1.33,2.926,0,0,0
459,_955_,top,NOR4_X1,9.215,10.5,1.33,2.926,0,0,0
460,_956_,top,AND3_X1,8.075,13.3,1.33,2.926,0,0,0
461,_957_,top,NAND3_X2,9.215,13.3,1.862,4.096,0,0,0
462,_958_,top,NAND2_X1,3.705,10.5,0.798,1.756,0,0,0
463,_959_,top,OAI21_X2,4.845,11.9,1.862,4.096,0,0,0
464,_960_,top,NAND3_X2,3.515,11.9,1.862,4.096,0,0,0
465,_961_,top,NAND3_X1,2.28,13.3,1.064,2.341,0,0,0
466,_962_,top,NAND2_X1,2.945,13.3,0.798,1.756,0,0,0
467,_963_,top,NAND2_X2,6.175,30.1,1.33,2.926,0,0,0
468,_964_,top,NAND3_X1,11.59,28.7,1.064,2.341,0,0,0
469,_965_,top,NAND2_X1,2.565,21.7,0.798,1.756,0,0,0
470,_966_,top,NAND3_X2,5.795,28.7,1.862,4.096,0,0,0
471,_967_,top,NOR2_X1,14.155,30.1,0.798,1.756,0,0,0
472,_968_,top,NAND4_X1,6.935,27.3,1.33,2.926,0,0,0
473,_969_,top,OAI21_X1,3.8,24.5,1.064,2.341,0,0,0
474,_970_,top,NAND2_X1,6.175,27.3,0.798,1.756,0,0,0
475,_971_,top,INV_X1,7.6,27.3,0.532,1.17,0,0,0
476,_972_,top,NAND2_X1,24.035,27.3,0.798,1.756,0,0,0
477,_973_,top,AOI21_X2,19.665,27.3,1.862,4.096,0,0,0
478,ctrl.state.out\[0\]$_DFF_P_,top,DFF_X1,2.945,7.7,4.522,9.948,1,0,0
479,ctrl.state.out\[1\]$_DFF_P_,top,DFF_X1,3.325,3.5,4.522,9.948,1,0,0
480,ctrl.state.out\[2\]$_DFF_P_,top,DFF_X1,5.605,13.3,4.522,9.948,1,0,0
481,dpath.a_reg.out\[0\]$_DFFE_PP_,top,DFF_X1,5.415,2.1,4.522,9.948,1,0,0
482,dpath.a_reg.out\[10\]$_DFFE_PP_,top,DFF_X1,14.155,23.1,4.522,9.948,1,0,0
483,dpath.a_reg.out\[11\]$_DFFE_PP_,top,DFF_X1,16.815,27.3,4.522,9.948,1,0,0
484,dpath.a_reg.out\[12\]$_DFFE_PP_,top,DFF_X1,13.965,32.9,4.522,9.948,1,0,0
485,dpath.a_reg.out\[13\]$_DFFE_PP_,top,DFF_X1,17.385,32.9,4.522,9.948,1,0,0
486,dpath.a_reg.out\[14\]$_DFFE_PP_,top,DFF_X1,10.545,30.1,4.522,9.948,1,0,0
487,dpath.a_reg.out\[15\]$_DFFE_PP_,top,DFF_X1,25.175,28.7,4.522,9.948,1,0,0
488,dpath.a_reg.out\[1\]$_DFFE_PP_,top,DFF_X1,24.225,2.1,4.522,9.948,1,0,0
489,dpath.a_reg.out\[2\]$_DFFE_PP_,top,DFF_X1,25.555,4.9,4.522,9.948,1,0,0
490,dpath.a_reg.out\[3\]$_DFFE_PP_,top,DFF_X1,21.185,9.1,4.522,9.948,1,0,0
491,dpath.a_reg.out\[4\]$_DFFE_PP_,top,DFF_X1,17.195,10.5,4.522,9.948,1,0,0
492,dpath.a_reg.out\[5\]$_DFFE_PP_,top,DFF_X1,25.175,14.7,4.522,9.948,1,0,0
493,dpath.a_reg.out\[6\]$_DFFE_PP_,top,DFF_X1,19.475,11.9,4.522,9.948,1,0,0
494,dpath.a_reg.out\[7\]$_DFFE_PP_,top,DFF_X1,16.055,14.7,4.522,9.948,1,0,0
495,dpath.a_reg.out\[8\]$_DFFE_PP_,top,DFF_X1,14.345,21.7,4.522,9.948,1,0,0
496,dpath.a_reg.out\[9\]$_DFFE_PP_,top,DFF_X1,10.925,20.3,4.522,9.948,1,0,0
497,dpath.b_reg.out\[0\]$_DFFE_PP_,top,DFF_X1,5.985,4.9,4.522,9.948,1,0,0
498,dpath.b_reg.out\[10\]$_DFFE_PP_,top,DFF_X1,10.545,23.1,4.522,9.948,1,0,0
499,dpath.b_reg.out\[11\]$_DFFE_PP_,top,DFF_X1,13.775,25.9,4.522,9.948,1,0,0
500,dpath.b_reg.out\[12\]$_DFFE_PP_,top,DFF_X1,9.975,32.9,4.522,9.948,1,0,0
501,dpath.b_reg.out\[13\]$_DFFE_PP_,top,DFF_X1,5.795,31.5,4.522,9.948,1,0,0
502,dpath.b_reg.out\[14\]$_DFFE_PP_,top,DFF_X1,3.135,32.9,4.522,9.948,1,0,0
503,dpath.b_reg.out\[15\]$_DFFE_PP_,top,DFF_X1,6.555,32.9,4.522,9.948,1,0,0
504,dpath.b_reg.out\[1\]$_DFFE_PP_,top,DFF_X1,12.825,2.1,4.522,9.948,1,0,0
505,dpath.b_reg.out\[2\]$_DFFE_PP_,top,DFF_X1,16.815,6.3,4.522,9.948,1,0,0
506,dpath.b_reg.out\[3\]$_DFFE_PP_,top,DFF_X1,7.315,9.1,4.522,9.948,1,0,0
507,dpath.b_reg.out\[4\]$_DFFE_PP_,top,DFF_X1,12.255,9.1,4.522,9.948,1,0,0
508,dpath.b_reg.out\[5\]$_DFFE_PP_,top,DFF_X1,9.785,11.9,4.522,9.948,1,0,0
509,dpath.b_reg.out\[6\]$_DFFE_PP_,top,DFF_X1,15.865,13.3,4.522,9.948,1,0,0
510,dpath.b_reg.out\[7\]$_DFFE_PP_,top,DFF_X1,10.735,14.7,4.522,9.948,1,0,0
511,dpath.b_reg.out\[8\]$_DFFE_PP_,top,DFF_X1,6.935,18.9,4.522,9.948,1,0,0
512,dpath.b_reg.out\[9\]$_DFFE_PP_,top,DFF_X1,7.885,21.7,4.522,9.948,1,0,0
513,PHY_EDGE_ROW_0_Right_0,top,TAPCELL_X1,34.485,2.1,0.266,0.585,0,0,0
514,PHY_EDGE_ROW_1_Right_1,top,TAPCELL_X1,34.485,3.5,0.266,0.585,0,0,0
515,PHY_EDGE_ROW_2_Right_2,top,TAPCELL_X1,34.485,4.9,0.266,0.585,0,0,0
516,PHY_EDGE_ROW_3_Right_3,top,TAPCELL_X1,34.485,6.3,0.266,0.585,0,0,0
517,PHY_EDGE_ROW_4_Right_4,top,TAPCELL_X1,34.485,7.7,0.266,0.585,0,0,0
518,PHY_EDGE_ROW_5_Right_5,top,TAPCELL_X1,34.485,9.1,0.266,0.585,0,0,0
519,PHY_EDGE_ROW_6_Right_6,top,TAPCELL_X1,34.485,10.5,0.266,0.585,0,0,0
520,PHY_EDGE_ROW_7_Right_7,top,TAPCELL_X1,34.485,11.9,0.266,0.585,0,0,0
521,PHY_EDGE_ROW_8_Right_8,top,TAPCELL_X1,34.485,13.3,0.266,0.585,0,0,0
522,PHY_EDGE_ROW_9_Right_9,top,TAPCELL_X1,34.485,14.7,0.266,0.585,0,0,0
523,PHY_EDGE_ROW_10_Right_10,top,TAPCELL_X1,34.485,16.1,0.266,0.585,0,0,0
524,PHY_EDGE_ROW_11_Right_11,top,TAPCELL_X1,34.485,17.5,0.266,0.585,0,0,0
525,PHY_EDGE_ROW_12_Right_12,top,TAPCELL_X1,34.485,18.9,0.266,0.585,0,0,0
526,PHY_EDGE_ROW_13_Right_13,top,TAPCELL_X1,34.485,20.3,0.266,0.585,0,0,0
527,PHY_EDGE_ROW_14_Right_14,top,TAPCELL_X1,34.485,21.7,0.266,0.585,0,0,0
528,PHY_EDGE_ROW_15_Right_15,top,TAPCELL_X1,34.485,23.1,0.266,0.585,0,0,0
529,PHY_EDGE_ROW_16_Right_16,top,TAPCELL_X1,34.485,24.5,0.266,0.585,0,0,0
530,PHY_EDGE_ROW_17_Right_17,top,TAPCELL_X1,34.485,25.9,0.266,0.585,0,0,0
531,PHY_EDGE_ROW_18_Right_18,top,TAPCELL_X1,34.485,27.3,0.266,0.585,0,0,0
532,PHY_EDGE_ROW_19_Right_19,top,TAPCELL_X1,34.485,28.7,0.266,0.585,0,0,0
533,PHY_EDGE_ROW_20_Right_20,top,TAPCELL_X1,34.485,30.1,0.266,0.585,0,0,0
534,PHY_EDGE_ROW_21_Right_21,top,TAPCELL_X1,34.485,31.5,0.266,0.585,0,0,0
535,PHY_EDGE_ROW_22_Right_22,top,TAPCELL_X1,34.485,32.9,0.266,0.585,0,0,0
536,PHY_EDGE_ROW_0_Left_23,top,TAPCELL_X1,1.235,2.1,0.266,0.585,0,0,0
537,PHY_EDGE_ROW_1_Left_24,top,TAPCELL_X1,1.235,3.5,0.266,0.585,0,0,0
538,PHY_EDGE_ROW_2_Left_25,top,TAPCELL_X1,1.235,4.9,0.266,0.585,0,0,0
539,PHY_EDGE_ROW_3_Left_26,top,TAPCELL_X1,1.235,6.3,0.266,0.585,0,0,0
540,PHY_EDGE_ROW_4_Left_27,top,TAPCELL_X1,1.235,7.7,0.266,0.585,0,0,0
541,PHY_EDGE_ROW_5_Left_28,top,TAPCELL_X1,1.235,9.1,0.266,0.585,0,0,0
542,PHY_EDGE_ROW_6_Left_29,top,TAPCELL_X1,1.235,10.5,0.266,0.585,0,0,0
543,PHY_EDGE_ROW_7_Left_30,top,TAPCELL_X1,1.235,11.9,0.266,0.585,0,0,0
544,PHY_EDGE_ROW_8_Left_31,top,TAPCELL_X1,1.235,13.3,0.266,0.585,0,0,0
545,PHY_EDGE_ROW_9_Left_32,top,TAPCELL_X1,1.235,14.7,0.266,0.585,0,0,0
546,PHY_EDGE_ROW_10_Left_33,top,TAPCELL_X1,1.235,16.1,0.266,0.585,0,0,0
547,PHY_EDGE_ROW_11_Left_34,top,TAPCELL_X1,1.235,17.5,0.266,0.585,0,0,0
548,PHY_EDGE_ROW_12_Left_35,top,TAPCELL_X1,1.235,18.9,0.266,0.585,0,0,0
549,PHY_EDGE_ROW_13_Left_36,top,TAPCELL_X1,1.235,20.3,0.266,0.585,0,0,0
550,PHY_EDGE_ROW_14_Left_37,top,TAPCELL_X1,1.235,21.7,0.266,0.585,0,0,0
551,PHY_EDGE_ROW_15_Left_38,top,TAPCELL_X1,1.235,23.1,0.266,0.585,0,0,0
552,PHY_EDGE_ROW_16_Left_39,top,TAPCELL_X1,1.235,24.5,0.266,0.585,0,0,0
553,PHY_EDGE_ROW_17_Left_40,top,TAPCELL_X1,1.235,25.9,0.266,0.585,0,0,0
554,PHY_EDGE_ROW_18_Left_41,top,TAPCELL_X1,1.235,27.3,0.266,0.585,0,0,0
555,PHY_EDGE_ROW_19_Left_42,top,TAPCELL_X1,1.235,28.7,0.266,0.585,0,0,0
556,PHY_EDGE_ROW_20_Left_43,top,TAPCELL_X1,1.235,30.1,0.266,0.585,0,0,0
557,PHY_EDGE_ROW_21_Left_44,top,TAPCELL_X1,1.235,31.5,0.266,0.585,0,0,0
558,PHY_EDGE_ROW_22_Left_45,top,TAPCELL_X1,1.235,32.9,0.266,0.585,0,0,0
559,input16,top,BUF_X1,33.725,16.1,0.798,1.756,0,0,0
560,input17,top,BUF_X1,2.565,20.3,0.798,1.756,0,0,0
561,input18,top,BUF_X1,16.815,4.9,0.798,1.756,0,0,0
562,input19,top,BUF_X1,3.135,23.1,0.798,1.756,0,0,0
563,input20,top,BUF_X1,2.945,25.9,0.798,1.756,0,0,0
564,input21,top,BUF_X1,1.615,24.5,0.798,1.756,0,0,0
565,input22,top,BUF_X1,1.615,23.1,0.798,1.756,0,0,0
566,input23,top,BUF_X1,11.875,4.9,0.798,1.756,0,0,0
567,input24,top,BUF_X1,2.185,18.9,0.798,1.756,0,0,0
568,input25,top,BUF_X1,2.185,24.5,0.798,1.756,0,0,0
569,input26,top,BUF_X1,9.025,2.1,0.798,1.756,0,0,0
570,input27,top,BUF_X1,12.445,4.9,0.798,1.756,0,0,0
571,input28,top,BUF_X1,10.355,3.5,0.798,1.756,0,0,0
572,input29,top,BUF_X1,14.915,2.1,0.798,1.756,0,0,0
573,input30,top,BUF_X1,1.615,16.1,0.798,1.756,0,0,0
574,input31,top,BUF_X1,1.805,17.5,0.798,1.756,0,0,0
575,input32,top,BUF_X1,1.615,18.9,0.798,1.756,0,0,0
576,input33,top,BUF_X1,3.515,13.3,0.798,1.756,0,0,0
577,input34,top,BUF_X1,1.615,11.9,0.798,1.756,0,0,0
578,input35,top,BUF_X1,1.615,13.3,0.798,1.756,0,0,0
579,output36,top,BUF_X1,1.615,10.5,0.798,1.756,0,0,0
580,output37,top,BUF_X1,9.215,6.3,0.798,1.756,0,0,0
581,output38,top,BUF_X1,25.175,32.9,0.798,1.756,0,0,0
582,output39,top,BUF_X1,31.825,27.3,0.798,1.756,0,0,0
583,output40,top,BUF_X1,26.315,32.9,0.798,1.756,0,0,0
584,output41,top,BUF_X1,20.805,30.1,0.798,1.756,0,0,0
585,output42,top,BUF_X1,16.055,31.5,0.798,1.756,0,0,0
586,output43,top,BUF_X1,31.255,28.7,0.798,1.756,0,0,0
587,output44,top,BUF_X1,21.565,2.1,0.798,1.756,0,0,0
588,output45,top,BUF_X1,21.945,3.5,0.798,1.756,0,0,0
589,output46,top,BUF_X1,20.995,2.1,0.798,1.756,0,0,0
590,output47,top,BUF_X1,20.425,2.1,0.798,1.756,0,0,0
591,output48,top,BUF_X1,33.535,10.5,0.798,1.756,0,0,0
592,output49,top,BUF_X1,33.535,14.7,0.798,1.756,0,0,0
593,output50,top,BUF_X1,33.535,17.5,0.798,1.756,0,0,0
594,output51,top,BUF_X1,23.085,30.1,0.798,1.756,0,0,0
595,output52,top,BUF_X1,34.105,18.9,0.798,1.756,0,0,0
596,output53,top,BUF_X2,2.28,10.5,1.064,2.341,0,0,0
597,place165,top,BUF_X2,4.37,18.9,1.064,2.341,0,0,0
598,place170,top,BUF_X2,3.04,24.5,1.064,2.341,0,0,0
599,place169,top,BUF_X1,7.505,14.7,0.798,1.756,0,0,0
600,place173,top,BUF_X4,13.015,14.7,1.862,4.096,0,0,0
601,place172,top,BUF_X2,7.41,16.1,1.064,2.341,0,0,0
602,place183,top,BUF_X1,31.635,17.5,0.798,1.756,0,0,0
603,place178,top,BUF_X1,22.325,24.5,0.798,1.756,0,0,0
604,place175,top,BUF_X2,31.92,13.3,1.064,2.341,0,0,0
605,place176,top,BUF_X4,26.315,11.9,1.862,4.096,0,0,0
606,place177,top,BUF_X1,32.395,14.7,0.798,1.756,0,0,0
607,place179,top,BUF_X1,22.515,17.5,0.798,1.756,0,0,0
608,place180,top,BUF_X2,23.56,20.3,1.064,2.341,0,0,0
609,place181,top,BUF_X1,31.635,21.7,0.798,1.756,0,0,0
610,place182,top,BUF_X1,31.825,16.1,0.798,1.756,0,0,0
611,place184,top,BUF_X2,22.99,24.5,1.064,2.341,0,0,0
612,place185,top,BUF_X4,26.885,6.3,1.862,4.096,0,0,0
613,place187,top,BUF_X2,30.59,20.3,1.064,2.341,0,0,0
614,place186,top,BUF_X1,28.595,23.1,0.798,1.756,0,0,0
615,place189,top,BUF_X1,21.375,28.7,0.798,1.756,0,0,0
616,place190,top,BUF_X1,20.995,25.9,0.798,1.756,0,0,0
617,place191,top,BUF_X1,27.075,28.7,0.798,1.756,0,0,0
618,place192,top,BUF_X1,26.125,20.3,0.798,1.756,0,0,0
619,place278,top,BUF_X1,6.365,7.7,0.798,1.756,0,0,0
620,place193,top,BUF_X1,29.355,20.3,0.798,1.756,0,0,0
621,place194,top,BUF_X1,29.545,28.7,0.798,1.756,0,0,0
622,place195,top,BUF_X1,30.305,24.5,0.798,1.756,0,0,0
623,place219,top,BUF_X2,10.07,25.9,1.064,2.341,0,0,0
624,place196,top,BUF_X2,27.74,30.1,1.064,2.341,0,0,0
625,place197,top,BUF_X2,23.37,27.3,1.064,2.341,0,0,0
626,place198,top,BUF_X1,29.925,16.1,0.798,1.756,0,0,0
627,place199,top,BUF_X1,31.255,13.3,0.798,1.756,0,0,0
628,place200,top,BUF_X1,32.775,6.3,0.798,1.756,0,0,0
629,place201,top,BUF_X1,32.205,6.3,0.798,1.756,0,0,0
630,place202,top,BUF_X1,25.175,7.7,0.798,1.756,0,0,0
631,place218,top,BUF_X1,16.435,11.9,0.798,1.756,0,0,0
632,place204,top,BUF_X1,8.645,6.3,0.798,1.756,0,0,0
633,place203,top,BUF_X2,8.93,20.3,1.064,2.341,0,0,0
634,place208,top,BUF_X1,26.125,24.5,0.798,1.756,0,0,0
635,place205,top,BUF_X1,19.475,21.7,0.798,1.756,0,0,0
636,place217,top,BUF_X1,13.205,11.9,0.798,1.756,0,0,0
637,place206,top,BUF_X1,21.755,25.9,0.798,1.756,0,0,0
638,place207,top,BUF_X2,17.86,24.5,1.064,2.341,0,0,0
639,place209,top,BUF_X1,26.885,30.1,0.798,1.756,0,0,0
640,place210,top,BUF_X1,24.225,32.9,0.798,1.756,0,0,0
641,place213,top,BUF_X4,33.725,11.9,1.862,4.096,0,0,0
642,place211,top,BUF_X2,30.59,4.9,1.064,2.341,0,0,0
643,place212,top,BUF_X4,33.725,9.1,1.862,4.096,0,0,0
644,place215,top,BUF_X1,5.795,7.7,0.798,1.756,0,0,0
645,place214,top,BUF_X2,15.77,11.9,1.064,2.341,0,0,0
646,place216,top,BUF_X1,9.025,17.5,0.798,1.756,0,0,0
647,place252,top,BUF_X1,13.965,4.9,0.798,1.756,0,0,0
648,place231,top,BUF_X1,18.525,30.1,0.798,1.756,0,0,0
649,place230,top,BUF_X1,18.715,27.3,0.798,1.756,0,0,0
650,place220,top,BUF_X1,19.855,31.5,0.798,1.756,0,0,0
651,place225,top,BUF_X1,16.245,20.3,0.798,1.756,0,0,0
652,place221,top,BUF_X1,18.525,18.9,0.798,1.756,0,0,0
653,place222,top,BUF_X1,17.955,16.1,0.798,1.756,0,0,0
654,place223,top,BUF_X1,16.055,17.5,0.798,1.756,0,0,0
655,place224,top,BUF_X1,5.035,18.9,0.798,1.756,0,0,0
656,place226,top,BUF_X1,22.135,18.9,0.798,1.756,0,0,0
657,place227,top,BUF_X1,22.895,23.1,0.798,1.756,0,0,0
658,place228,top,BUF_X1,29.925,31.5,0.798,1.756,0,0,0
659,place229,top,BUF_X1,19.855,23.1,0.798,1.756,0,0,0
660,place232,top,BUF_X1,23.465,13.3,0.798,1.756,0,0,0
661,place233,top,BUF_X1,18.525,13.3,0.798,1.756,0,0,0
662,place234,top,BUF_X1,25.365,13.3,0.798,1.756,0,0,0
663,place235,top,BUF_X4,31.635,4.9,1.862,4.096,0,0,0
664,place236,top,BUF_X1,25.935,3.5,0.798,1.756,0,0,0
665,place237,top,BUF_X1,22.705,6.3,0.798,1.756,0,0,0
666,place246,top,BUF_X1,13.775,11.9,0.798,1.756,0,0,0
667,place238,top,BUF_X1,29.165,9.1,0.798,1.756,0,0,0
668,place239,top,BUF_X1,22.325,7.7,0.798,1.756,0,0,0
669,place240,top,BUF_X1,17.005,9.1,0.798,1.756,0,0,0
670,place241,top,BUF_X1,7.315,20.3,0.798,1.756,0,0,0
671,place242,top,BUF_X1,5.415,17.5,0.798,1.756,0,0,0
672,place243,top,BUF_X2,17.86,13.3,1.064,2.341,0,0,0
673,place244,top,BUF_X1,14.155,16.1,0.798,1.756,0,0,0
674,place245,top,BUF_X4,20.615,13.3,1.862,4.096,0,0,0
675,place247,top,BUF_X1,11.305,10.5,0.798,1.756,0,0,0
676,place248,top,BUF_X1,12.445,7.7,0.798,1.756,0,0,0
677,place249,top,BUF_X1,10.355,7.7,0.798,1.756,0,0,0
678,place250,top,BUF_X1,12.065,6.3,0.798,1.756,0,0,0
679,place251,top,BUF_X4,16.245,2.1,1.862,4.096,0,0,0
680,place253,top,BUF_X1,7.505,28.7,0.798,1.756,0,0,0
681,place254,top,BUF_X1,4.845,28.7,0.798,1.756,0,0,0
682,place255,top,BUF_X1,6.935,30.1,0.798,1.756,0,0,0
683,place256,top,BUF_X1,7.885,31.5,0.798,1.756,0,0,0
684,place267,top,BUF_X4,26.505,2.1,1.862,4.096,0,0,0
685,place257,top,BUF_X1,8.645,23.1,0.798,1.756,0,0,0
686,place258,top,BUF_X1,9.785,6.3,0.798,1.756,0,0,0
687,place259,top,BUF_X1,8.645,4.9,0.798,1.756,0,0,0
688,place260,top,BUF_X1,13.015,20.3,0.798,1.756,0,0,0
689,place261,top,BUF_X1,14.915,18.9,0.798,1.756,0,0,0
690,place262,top,BUF_X1,11.115,16.1,0.798,1.756,0,0,0
691,place263,top,BUF_X1,21.565,13.3,0.798,1.756,0,0,0
692,place264,top,BUF_X1,24.795,13.3,0.798,1.756,0,0,0
693,place265,top,BUF_X1,22.135,6.3,0.798,1.756,0,0,0
694,place266,top,BUF_X1,22.325,2.1,0.798,1.756,0,0,0
695,rebuffer434,top,BUF_X2,7.22,3.5,1.064,2.341,0,0,0
696,place268,top,BUF_X1,16.245,28.7,0.798,1.756,0,0,0
697,place269,top,BUF_X1,10.735,28.7,0.798,1.756,0,0,0
698,place270,top,BUF_X1,16.625,31.5,0.798,1.756,0,0,0
699,place271,top,BUF_X1,13.965,31.5,0.798,1.756,0,0,0
700,place272,top,BUF_X1,16.625,25.9,0.798,1.756,0,0,0
701,place273,top,BUF_X1,14.725,24.5,0.798,1.756,0,0,0
702,FILLER_0_1,top,FILLCELL_X8,2.09,2.1,2.128,4.682,0,0,0
703,place275,top,BUF_X2,5.89,11.9,1.064,2.341,0,0,0
704,place276,top,BUF_X4,2.565,16.1,1.862,4.096,0,0,0
705,clkbuf_2_0__f_clk,top,CLKBUF_X3,9.405,9.1,1.33,2.926,0,1,0
706,clkbuf_0_clk,top,CLKBUF_X3,13.015,18.9,1.33,2.926,0,1,0
707,clkbuf_2_1__f_clk,top,CLKBUF_X3,21.565,10.5,1.33,2.926,0,1,0
708,place166,top,BUF_X2,11.78,16.1,1.064,2.341,0,0,0
709,place167,top,BUF_X4,14.915,17.5,1.862,4.096,0,0,0
710,place168,top,BUF_X4,15.485,16.1,1.862,4.096,0,0,0
711,place171,top,BUF_X2,14.06,14.7,1.064,2.341,0,0,0
712,place174,top,BUF_X2,6.84,24.5,1.064,2.341,0,0,0
713,place188,top,BUF_X4,10.165,16.1,1.862,4.096,0,0,0
714,clkbuf_2_2__f_clk,top,CLKBUF_X3,8.645,27.3,1.33,2.926,0,1,0
715,clkbuf_2_3__f_clk,top,CLKBUF_X3,14.155,27.3,1.33,2.926,0,1,0
716,clkload0,top,CLKBUF_X1,20.045,10.5,0.798,1.756,0,1,0
717,clkload1,top,CLKBUF_X1,9.405,25.9,0.798,1.756,0,1,0
718,clkload2,top,INV_X2,13.395,27.3,0.798,1.756,0,0,0
719,rebuffer282,top,BUF_X4,28.975,27.3,1.862,4.096,0,0,0
720,rebuffer302,top,BUF_X1,25.175,23.1,0.798,1.756,0,0,0
721,clone306,top,INV_X8,10.735,21.7,2.394,5.267,0,0,0
722,rebuffer307,top,BUF_X8,7.125,17.5,3.458,7.608,0,0,0
723,rebuffer308,top,BUF_X4,3.515,20.3,1.862,4.096,0,0,0
724,rebuffer312,top,BUF_X1,22.135,16.1,0.798,1.756,0,0,0
725,rebuffer313,top,BUF_X1,23.085,11.9,0.798,1.756,0,0,0
726,rebuffer335,top,BUF_X1,21.565,18.9,0.798,1.756,0,0,0
727,rebuffer339,top,BUF_X2,3.04,10.5,1.064,2.341,0,0,0
728,rebuffer340,top,BUF_X8,6.935,10.5,3.458,7.608,0,0,0
729,rebuffer341,top,BUF_X1,5.415,10.5,0.798,1.756,0,0,0
730,rebuffer343,top,BUF_X8,4.655,21.7,3.458,7.608,0,0,0
731,rebuffer349,top,BUF_X1,24.605,7.7,0.798,1.756,0,0,0
732,rebuffer350,top,BUF_X2,26.41,10.5,1.064,2.341,0,0,0
733,rebuffer358,top,BUF_X1,28.975,13.3,0.798,1.756,0,0,0
734,rebuffer362,top,BUF_X1,24.605,16.1,0.798,1.756,0,0,0
735,rebuffer394,top,BUF_X1,27.265,24.5,0.798,1.756,0,0,0
736,rebuffer414,top,BUF_X1,27.455,2.1,0.798,1.756,0,0,0
737,rebuffer419,top,BUF_X1,26.505,18.9,0.798,1.756,0,0,0
738,FILLER_0_9,top,FILLCELL_X2,3.04,2.1,0.532,1.17,0,0,0
739,FILLER_0_51,top,FILLCELL_X2,11.02,2.1,0.532,1.17,0,0,0
740,FILLER_0_70,top,FILLCELL_X1,14.535,2.1,0.266,0.585,0,0,0
741,FILLER_0_74,top,FILLCELL_X2,15.39,2.1,0.532,1.17,0,0,0
742,FILLER_0_83,top,FILLCELL_X1,17.005,2.1,0.266,0.585,0,0,0
743,FILLER_0_87,top,FILLCELL_X2,17.86,2.1,0.532,1.17,0,0,0
744,FILLER_0_92,top,FILLCELL_X2,18.81,2.1,0.532,1.17,0,0,0
745,FILLER_0_109,top,FILLCELL_X1,21.945,2.1,0.266,0.585,0,0,0
746,FILLER_0_162,top,FILLCELL_X8,32.68,2.1,2.128,4.682,0,0,0
747,FILLER_0_170,top,FILLCELL_X4,33.82,2.1,1.064,2.341,0,0,0
748,FILLER_0_174,top,FILLCELL_X1,34.295,2.1,0.266,0.585,0,0,0
749,FILLER_1_1,top,FILLCELL_X2,1.52,3.5,0.532,1.17,0,0,0
750,FILLER_1_27,top,FILLCELL_X2,6.46,3.5,0.532,1.17,0,0,0
751,FILLER_1_29,top,FILLCELL_X1,6.745,3.5,0.266,0.585,0,0,0
752,FILLER_1_63,top,FILLCELL_X4,13.49,3.5,1.064,2.341,0,0,0
753,FILLER_1_73,top,FILLCELL_X1,15.105,3.5,0.266,0.585,0,0,0
754,FILLER_1_86,top,FILLCELL_X2,17.67,3.5,0.532,1.17,0,0,0
755,FILLER_1_88,top,FILLCELL_X1,17.955,3.5,0.266,0.585,0,0,0
756,FILLER_1_119,top,FILLCELL_X1,23.845,3.5,0.266,0.585,0,0,0
757,FILLER_1_132,top,FILLCELL_X2,26.41,3.5,0.532,1.17,0,0,0
758,FILLER_1_134,top,FILLCELL_X1,26.695,3.5,0.266,0.585,0,0,0
759,FILLER_1_138,top,FILLCELL_X1,27.455,3.5,0.266,0.585,0,0,0
760,FILLER_1_164,top,FILLCELL_X8,33.06,3.5,2.128,4.682,0,0,0
761,FILLER_1_172,top,FILLCELL_X2,34.01,3.5,0.532,1.17,0,0,0
762,FILLER_1_174,top,FILLCELL_X1,34.295,3.5,0.266,0.585,0,0,0
763,FILLER_2_1,top,FILLCELL_X4,1.71,4.9,1.064,2.341,0,0,0
764,FILLER_2_37,top,FILLCELL_X1,8.265,4.9,0.266,0.585,0,0,0
765,FILLER_2_49,top,FILLCELL_X1,10.545,4.9,0.266,0.585,0,0,0
766,FILLER_2_80,top,FILLCELL_X1,16.435,4.9,0.266,0.585,0,0,0
767,FILLER_2_88,top,FILLCELL_X2,18.05,4.9,0.532,1.17,0,0,0
768,FILLER_2_90,top,FILLCELL_X1,18.335,4.9,0.266,0.585,0,0,0
769,FILLER_2_109,top,FILLCELL_X4,22.23,4.9,1.064,2.341,0,0,0
770,FILLER_2_113,top,FILLCELL_X2,22.8,4.9,0.532,1.17,0,0,0
771,FILLER_2_137,top,FILLCELL_X2,27.36,4.9,0.532,1.17,0,0,0
772,FILLER_2_174,top,FILLCELL_X1,34.295,4.9,0.266,0.585,0,0,0
773,FILLER_3_1,top,FILLCELL_X2,1.52,6.3,0.532,1.17,0,0,0
774,FILLER_3_3,top,FILLCELL_X1,1.805,6.3,0.266,0.585,0,0,0
775,FILLER_3_7,top,FILLCELL_X8,3.23,6.3,2.128,4.682,0,0,0
776,FILLER_3_15,top,FILLCELL_X4,4.37,6.3,1.064,2.341,0,0,0
777,FILLER_3_35,top,FILLCELL_X2,7.98,6.3,0.532,1.17,0,0,0
778,FILLER_3_37,top,FILLCELL_X1,8.265,6.3,0.266,0.585,0,0,0
779,FILLER_3_55,top,FILLCELL_X1,11.685,6.3,0.266,0.585,0,0,0
780,FILLER_3_59,top,FILLCELL_X1,12.445,6.3,0.266,0.585,0,0,0
781,FILLER_3_91,top,FILLCELL_X2,18.62,6.3,0.532,1.17,0,0,0
782,FILLER_3_105,top,FILLCELL_X1,21.185,6.3,0.266,0.585,0,0,0
783,FILLER_3_158,top,FILLCELL_X1,31.255,6.3,0.266,0.585,0,0,0
784,FILLER_3_173,top,FILLCELL_X2,34.2,6.3,0.532,1.17,0,0,0
785,FILLER_4_18,top,FILLCELL_X1,4.655,7.7,0.266,0.585,0,0,0
786,FILLER_4_29,top,FILLCELL_X1,6.745,7.7,0.266,0.585,0,0,0
787,FILLER_4_84,top,FILLCELL_X1,17.195,7.7,0.266,0.585,0,0,0
788,FILLER_4_92,top,FILLCELL_X4,19.0,7.7,1.064,2.341,0,0,0
789,FILLER_4_115,top,FILLCELL_X2,23.18,7.7,0.532,1.17,0,0,0
790,FILLER_4_150,top,FILLCELL_X2,29.83,7.7,0.532,1.17,0,0,0
791,FILLER_4_152,top,FILLCELL_X1,30.115,7.7,0.266,0.585,0,0,0
792,FILLER_4_156,top,FILLCELL_X2,30.97,7.7,0.532,1.17,0,0,0
793,FILLER_5_8,top,FILLCELL_X4,3.04,9.1,1.064,2.341,0,0,0
794,FILLER_5_12,top,FILLCELL_X2,3.61,9.1,0.532,1.17,0,0,0
795,FILLER_5_14,top,FILLCELL_X1,3.895,9.1,0.266,0.585,0,0,0
796,FILLER_5_48,top,FILLCELL_X2,10.45,9.1,0.532,1.17,0,0,0
797,FILLER_5_67,top,FILLCELL_X2,14.06,9.1,0.532,1.17,0,0,0
798,FILLER_5_69,top,FILLCELL_X1,14.345,9.1,0.266,0.585,0,0,0
799,FILLER_5_79,top,FILLCELL_X1,16.245,9.1,0.266,0.585,0,0,0
800,FILLER_5_94,top,FILLCELL_X2,19.19,9.1,0.532,1.17,0,0,0
801,FILLER_5_96,top,FILLCELL_X1,19.475,9.1,0.266,0.585,0,0,0
802,FILLER_5_114,top,FILLCELL_X2,22.99,9.1,0.532,1.17,0,0,0
803,FILLER_5_149,top,FILLCELL_X1,29.545,9.1,0.266,0.585,0,0,0
804,FILLER_6_15,top,FILLCELL_X1,4.085,10.5,0.266,0.585,0,0,0
805,FILLER_6_20,top,FILLCELL_X1,5.035,10.5,0.266,0.585,0,0,0
806,FILLER_6_37,top,FILLCELL_X2,8.36,10.5,0.532,1.17,0,0,0
807,FILLER_6_39,top,FILLCELL_X1,8.645,10.5,0.266,0.585,0,0,0
808,FILLER_6_55,top,FILLCELL_X2,11.78,10.5,0.532,1.17,0,0,0
809,FILLER_6_75,top,FILLCELL_X1,15.485,10.5,0.266,0.585,0,0,0
810,FILLER_6_122,top,FILLCELL_X1,24.415,10.5,0.266,0.585,0,0,0
811,FILLER_6_129,top,FILLCELL_X2,25.84,10.5,0.532,1.17,0,0,0
812,FILLER_6_155,top,FILLCELL_X2,30.78,10.5,0.532,1.17,0,0,0
813,FILLER_6_157,top,FILLCELL_X1,31.065,10.5,0.266,0.585,0,0,0
814,FILLER_6_168,top,FILLCELL_X1,33.155,10.5,0.266,0.585,0,0,0
815,FILLER_7_31,top,FILLCELL_X1,7.125,11.9,0.266,0.585,0,0,0
816,FILLER_7_54,top,FILLCELL_X2,11.59,11.9,0.532,1.17,0,0,0
817,FILLER_7_61,top,FILLCELL_X1,12.825,11.9,0.266,0.585,0,0,0
818,FILLER_7_117,top,FILLCELL_X1,23.465,11.9,0.266,0.585,0,0,0
819,FILLER_7_124,top,FILLCELL_X1,24.795,11.9,0.266,0.585,0,0,0
820,FILLER_7_165,top,FILLCELL_X1,32.585,11.9,0.266,0.585,0,0,0
821,FILLER_8_14,top,FILLCELL_X1,3.895,13.3,0.266,0.585,0,0,0
822,FILLER_8_32,top,FILLCELL_X2,7.41,13.3,0.532,1.17,0,0,0
823,FILLER_8_46,top,FILLCELL_X1,9.975,13.3,0.266,0.585,0,0,0
824,FILLER_8_93,top,FILLCELL_X1,18.905,13.3,0.266,0.585,0,0,0
825,FILLER_8_109,top,FILLCELL_X2,22.04,13.3,0.532,1.17,0,0,0
826,FILLER_8_119,top,FILLCELL_X2,23.94,13.3,0.532,1.17,0,0,0
827,FILLER_8_129,top,FILLCELL_X2,25.84,13.3,0.532,1.17,0,0,0
828,FILLER_8_174,top,FILLCELL_X1,34.295,13.3,0.266,0.585,0,0,0
829,FILLER_9_31,top,FILLCELL_X1,7.125,14.7,0.266,0.585,0,0,0
830,FILLER_9_35,top,FILLCELL_X2,7.98,14.7,0.532,1.17,0,0,0
831,FILLER_9_105,top,FILLCELL_X1,21.185,14.7,0.266,0.585,0,0,0
832,FILLER_9_146,top,FILLCELL_X2,29.07,14.7,0.532,1.17,0,0,0
833,FILLER_9_160,top,FILLCELL_X2,31.73,14.7,0.532,1.17,0,0,0
834,FILLER_9_162,top,FILLCELL_X1,32.015,14.7,0.266,0.585,0,0,0
835,FILLER_9_166,top,FILLCELL_X2,32.87,14.7,0.532,1.17,0,0,0
836,FILLER_9_168,top,FILLCELL_X1,33.155,14.7,0.266,0.585,0,0,0
837,FILLER_9_172,top,FILLCELL_X2,34.01,14.7,0.532,1.17,0,0,0
838,FILLER_9_174,top,FILLCELL_X1,34.295,14.7,0.266,0.585,0,0,0
839,FILLER_10_62,top,FILLCELL_X1,13.015,16.1,0.266,0.585,0,0,0
840,FILLER_10_81,top,FILLCELL_X1,16.625,16.1,0.266,0.585,0,0,0
841,FILLER_10_93,top,FILLCELL_X1,18.905,16.1,0.266,0.585,0,0,0
842,FILLER_10_108,top,FILLCELL_X1,21.755,16.1,0.266,0.585,0,0,0
843,FILLER_10_120,top,FILLCELL_X2,24.13,16.1,0.532,1.17,0,0,0
844,FILLER_10_147,top,FILLCELL_X1,29.165,16.1,0.266,0.585,0,0,0
845,FILLER_10_159,top,FILLCELL_X1,31.445,16.1,0.266,0.585,0,0,0
846,FILLER_10_167,top,FILLCELL_X2,33.06,16.1,0.532,1.17,0,0,0
847,FILLER_10_169,top,FILLCELL_X1,33.345,16.1,0.266,0.585,0,0,0
848,FILLER_10_173,top,FILLCELL_X2,34.2,16.1,0.532,1.17,0,0,0
849,FILLER_11_1,top,FILLCELL_X1,1.425,17.5,0.266,0.585,0,0,0
850,FILLER_11_24,top,FILLCELL_X1,5.795,17.5,0.266,0.585,0,0,0
851,FILLER_11_76,top,FILLCELL_X1,15.675,17.5,0.266,0.585,0,0,0
852,FILLER_11_80,top,FILLCELL_X1,16.435,17.5,0.266,0.585,0,0,0
853,FILLER_11_109,top,FILLCELL_X2,22.04,17.5,0.532,1.17,0,0,0
854,FILLER_11_129,top,FILLCELL_X2,25.84,17.5,0.532,1.17,0,0,0
855,FILLER_11_147,top,FILLCELL_X2,29.26,17.5,0.532,1.17,0,0,0
856,FILLER_11_162,top,FILLCELL_X1,32.015,17.5,0.266,0.585,0,0,0
857,FILLER_11_166,top,FILLCELL_X2,32.87,17.5,0.532,1.17,0,0,0
858,FILLER_11_168,top,FILLCELL_X1,33.155,17.5,0.266,0.585,0,0,0
859,FILLER_11_172,top,FILLCELL_X2,34.01,17.5,0.532,1.17,0,0,0
860,FILLER_11_174,top,FILLCELL_X1,34.295,17.5,0.266,0.585,0,0,0
861,FILLER_12_10,top,FILLCELL_X1,3.135,18.9,0.266,0.585,0,0,0
862,FILLER_12_59,top,FILLCELL_X1,12.445,18.9,0.266,0.585,0,0,0
863,FILLER_12_79,top,FILLCELL_X2,16.34,18.9,0.532,1.17,0,0,0
864,FILLER_12_105,top,FILLCELL_X1,21.185,18.9,0.266,0.585,0,0,0
865,FILLER_12_137,top,FILLCELL_X1,27.265,18.9,0.266,0.585,0,0,0
866,FILLER_12_154,top,FILLCELL_X1,30.495,18.9,0.266,0.585,0,0,0
867,FILLER_12_170,top,FILLCELL_X2,33.63,18.9,0.532,1.17,0,0,0
868,FILLER_13_4,top,FILLCELL_X2,2.09,20.3,0.532,1.17,0,0,0
869,FILLER_13_16,top,FILLCELL_X1,4.275,20.3,0.266,0.585,0,0,0
870,FILLER_13_60,top,FILLCELL_X1,12.635,20.3,0.266,0.585,0,0,0
871,FILLER_13_64,top,FILLCELL_X1,13.395,20.3,0.266,0.585,0,0,0
872,FILLER_13_115,top,FILLCELL_X1,23.085,20.3,0.266,0.585,0,0,0
873,FILLER_13_123,top,FILLCELL_X2,24.7,20.3,0.532,1.17,0,0,0
874,FILLER_13_142,top,FILLCELL_X2,28.31,20.3,0.532,1.17,0,0,0
875,FILLER_13_157,top,FILLCELL_X1,31.065,20.3,0.266,0.585,0,0,0
876,FILLER_13_173,top,FILLCELL_X2,34.2,20.3,0.532,1.17,0,0,0
877,FILLER_14_1,top,FILLCELL_X1,1.425,21.7,0.266,0.585,0,0,0
878,FILLER_14_25,top,FILLCELL_X2,6.08,21.7,0.532,1.17,0,0,0
879,FILLER_14_59,top,FILLCELL_X2,12.54,21.7,0.532,1.17,0,0,0
880,FILLER_14_98,top,FILLCELL_X1,19.855,21.7,0.266,0.585,0,0,0
881,FILLER_14_111,top,FILLCELL_X1,22.325,21.7,0.266,0.585,0,0,0
882,FILLER_14_137,top,FILLCELL_X1,27.265,21.7,0.266,0.585,0,0,0
883,FILLER_14_152,top,FILLCELL_X2,30.21,21.7,0.532,1.17,0,0,0
884,FILLER_14_157,top,FILLCELL_X2,31.16,21.7,0.532,1.17,0,0,0
885,FILLER_14_173,top,FILLCELL_X2,34.2,21.7,0.532,1.17,0,0,0
886,FILLER_15_4,top,FILLCELL_X1,1.995,23.1,0.266,0.585,0,0,0
887,FILLER_15_18,top,FILLCELL_X2,4.75,23.1,0.532,1.17,0,0,0
888,FILLER_15_32,top,FILLCELL_X1,7.315,23.1,0.266,0.585,0,0,0
889,FILLER_15_58,top,FILLCELL_X2,12.35,23.1,0.532,1.17,0,0,0
890,FILLER_15_77,top,FILLCELL_X1,15.865,23.1,0.266,0.585,0,0,0
891,FILLER_15_128,top,FILLCELL_X1,25.555,23.1,0.266,0.585,0,0,0
892,FILLER_15_138,top,FILLCELL_X1,27.455,23.1,0.266,0.585,0,0,0
893,FILLER_15_142,top,FILLCELL_X1,28.215,23.1,0.266,0.585,0,0,0
894,FILLER_15_162,top,FILLCELL_X1,32.015,23.1,0.266,0.585,0,0,0
895,FILLER_15_171,top,FILLCELL_X4,34.01,23.1,1.064,2.341,0,0,0
896,FILLER_16_7,top,FILLCELL_X1,2.565,24.5,0.266,0.585,0,0,0
897,FILLER_16_24,top,FILLCELL_X1,5.795,24.5,0.266,0.585,0,0,0
898,FILLER_16_27,top,FILLCELL_X1,6.365,24.5,0.266,0.585,0,0,0
899,FILLER_16_53,top,FILLCELL_X1,11.305,24.5,0.266,0.585,0,0,0
900,FILLER_16_58,top,FILLCELL_X1,12.255,24.5,0.266,0.585,0,0,0
901,FILLER_16_69,top,FILLCELL_X1,14.345,24.5,0.266,0.585,0,0,0
902,FILLER_16_73,top,FILLCELL_X1,15.105,24.5,0.266,0.585,0,0,0
903,FILLER_16_77,top,FILLCELL_X1,15.865,24.5,0.266,0.585,0,0,0
904,FILLER_16_103,top,FILLCELL_X2,20.9,24.5,0.532,1.17,0,0,0
905,FILLER_16_139,top,FILLCELL_X2,27.74,24.5,0.532,1.17,0,0,0
906,FILLER_16_157,top,FILLCELL_X1,31.065,24.5,0.266,0.585,0,0,0
907,FILLER_16_163,top,FILLCELL_X1,32.205,24.5,0.266,0.585,0,0,0
908,FILLER_16_170,top,FILLCELL_X4,33.82,24.5,1.064,2.341,0,0,0
909,FILLER_16_174,top,FILLCELL_X1,34.295,24.5,0.266,0.585,0,0,0
910,FILLER_17_1,top,FILLCELL_X1,1.425,25.9,0.266,0.585,0,0,0
911,FILLER_17_11,top,FILLCELL_X1,3.325,25.9,0.266,0.585,0,0,0
912,FILLER_17_16,top,FILLCELL_X1,4.275,25.9,0.266,0.585,0,0,0
913,FILLER_17_20,top,FILLCELL_X2,5.13,25.9,0.532,1.17,0,0,0
914,FILLER_17_30,top,FILLCELL_X1,6.935,25.9,0.266,0.585,0,0,0
915,FILLER_17_41,top,FILLCELL_X1,9.025,25.9,0.266,0.585,0,0,0
916,FILLER_17_79,top,FILLCELL_X1,16.245,25.9,0.266,0.585,0,0,0
917,FILLER_17_97,top,FILLCELL_X1,19.665,25.9,0.266,0.585,0,0,0
918,FILLER_17_106,top,FILLCELL_X1,21.375,25.9,0.266,0.585,0,0,0
919,FILLER_17_135,top,FILLCELL_X1,26.885,25.9,0.266,0.585,0,0,0
920,FILLER_17_152,top,FILLCELL_X2,30.21,25.9,0.532,1.17,0,0,0
921,FILLER_17_157,top,FILLCELL_X2,31.16,25.9,0.532,1.17,0,0,0
922,FILLER_17_162,top,FILLCELL_X8,32.68,25.9,2.128,4.682,0,0,0
923,FILLER_17_170,top,FILLCELL_X4,33.82,25.9,1.064,2.341,0,0,0
924,FILLER_17_174,top,FILLCELL_X1,34.295,25.9,0.266,0.585,0,0,0
925,FILLER_18_1,top,FILLCELL_X2,1.52,27.3,0.532,1.17,0,0,0
926,FILLER_18_49,top,FILLCELL_X2,10.64,27.3,0.532,1.17,0,0,0
927,FILLER_18_51,top,FILLCELL_X1,10.925,27.3,0.266,0.585,0,0,0
928,FILLER_18_106,top,FILLCELL_X1,21.375,27.3,0.266,0.585,0,0,0
929,FILLER_18_159,top,FILLCELL_X1,31.445,27.3,0.266,0.585,0,0,0
930,FILLER_18_163,top,FILLCELL_X8,32.87,27.3,2.128,4.682,0,0,0
931,FILLER_18_171,top,FILLCELL_X4,34.01,27.3,1.064,2.341,0,0,0
932,FILLER_19_1,top,FILLCELL_X4,1.71,28.7,1.064,2.341,0,0,0
933,FILLER_19_5,top,FILLCELL_X2,2.28,28.7,0.532,1.17,0,0,0
934,FILLER_19_7,top,FILLCELL_X1,2.565,28.7,0.266,0.585,0,0,0
935,FILLER_19_17,top,FILLCELL_X1,4.465,28.7,0.266,0.585,0,0,0
936,FILLER_19_31,top,FILLCELL_X1,7.125,28.7,0.266,0.585,0,0,0
937,FILLER_19_52,top,FILLCELL_X1,11.115,28.7,0.266,0.585,0,0,0
938,FILLER_19_61,top,FILLCELL_X1,12.825,28.7,0.266,0.585,0,0,0
939,FILLER_19_71,top,FILLCELL_X1,14.725,28.7,0.266,0.585,0,0,0
940,FILLER_19_77,top,FILLCELL_X1,15.865,28.7,0.266,0.585,0,0,0
941,FILLER_19_97,top,FILLCELL_X1,19.665,28.7,0.266,0.585,0,0,0
942,FILLER_19_138,top,FILLCELL_X2,27.55,28.7,0.532,1.17,0,0,0
943,FILLER_19_151,top,FILLCELL_X1,29.925,28.7,0.266,0.585,0,0,0
944,FILLER_19_160,top,FILLCELL_X8,32.3,28.7,2.128,4.682,0,0,0
945,FILLER_19_168,top,FILLCELL_X4,33.44,28.7,1.064,2.341,0,0,0
946,FILLER_19_172,top,FILLCELL_X2,34.01,28.7,0.532,1.17,0,0,0
947,FILLER_19_174,top,FILLCELL_X1,34.295,28.7,0.266,0.585,0,0,0
948,FILLER_20_1,top,FILLCELL_X4,1.71,30.1,1.064,2.341,0,0,0
949,FILLER_20_5,top,FILLCELL_X2,2.28,30.1,0.532,1.17,0,0,0
950,FILLER_20_21,top,FILLCELL_X2,5.32,30.1,0.532,1.17,0,0,0
951,FILLER_20_23,top,FILLCELL_X1,5.605,30.1,0.266,0.585,0,0,0
952,FILLER_20_39,top,FILLCELL_X2,8.74,30.1,0.532,1.17,0,0,0
953,FILLER_20_66,top,FILLCELL_X1,13.775,30.1,0.266,0.585,0,0,0
954,FILLER_20_80,top,FILLCELL_X1,16.435,30.1,0.266,0.585,0,0,0
955,FILLER_20_119,top,FILLCELL_X1,23.845,30.1,0.266,0.585,0,0,0
956,FILLER_20_137,top,FILLCELL_X1,27.265,30.1,0.266,0.585,0,0,0
957,FILLER_20_142,top,FILLCELL_X1,28.215,30.1,0.266,0.585,0,0,0
958,FILLER_20_154,top,FILLCELL_X16,31.92,30.1,4.256,9.363,0,0,0
959,FILLER_20_170,top,FILLCELL_X4,33.82,30.1,1.064,2.341,0,0,0
960,FILLER_20_174,top,FILLCELL_X1,34.295,30.1,0.266,0.585,0,0,0
961,FILLER_21_1,top,FILLCELL_X8,2.09,31.5,2.128,4.682,0,0,0
962,FILLER_21_9,top,FILLCELL_X4,3.23,31.5,1.064,2.341,0,0,0
963,FILLER_21_13,top,FILLCELL_X2,3.8,31.5,0.532,1.17,0,0,0
964,FILLER_21_15,top,FILLCELL_X1,4.085,31.5,0.266,0.585,0,0,0
965,FILLER_21_33,top,FILLCELL_X1,7.505,31.5,0.266,0.585,0,0,0
966,FILLER_21_58,top,FILLCELL_X1,12.255,31.5,0.266,0.585,0,0,0
967,FILLER_21_91,top,FILLCELL_X1,18.525,31.5,0.266,0.585,0,0,0
968,FILLER_21_109,top,FILLCELL_X1,21.945,31.5,0.266,0.585,0,0,0
969,FILLER_21_120,top,FILLCELL_X1,24.035,31.5,0.266,0.585,0,0,0
970,FILLER_21_135,top,FILLCELL_X1,26.885,31.5,0.266,0.585,0,0,0
971,FILLER_21_140,top,FILLCELL_X1,27.835,31.5,0.266,0.585,0,0,0
972,FILLER_21_153,top,FILLCELL_X16,31.73,31.5,4.256,9.363,0,0,0
973,FILLER_21_169,top,FILLCELL_X4,33.63,31.5,1.064,2.341,0,0,0
974,FILLER_21_173,top,FILLCELL_X2,34.2,31.5,0.532,1.17,0,0,0
975,FILLER_22_1,top,FILLCELL_X1,1.425,32.9,0.266,0.585,0,0,0
976,FILLER_22_19,top,FILLCELL_X1,4.845,32.9,0.266,0.585,0,0,0
977,FILLER_22_37,top,FILLCELL_X1,8.265,32.9,0.266,0.585,0,0,0
978,FILLER_22_58,top,FILLCELL_X1,12.255,32.9,0.266,0.585,0,0,0
979,FILLER_22_76,top,FILLCELL_X1,15.675,32.9,0.266,0.585,0,0,0
980,FILLER_22_116,top,FILLCELL_X1,23.275,32.9,0.266,0.585,0,0,0
981,FILLER_22_123,top,FILLCELL_X2,24.7,32.9,0.532,1.17,0,0,0
982,FILLER_22_148,top,FILLCELL_X16,30.78,32.9,4.256,9.363,0,0,0
983,FILLER_22_164,top,FILLCELL_X8,33.06,32.9,2.128,4.682,0,0,0
984,FILLER_22_172,top,FILLCELL_X2,34.01,32.9,0.532,1.17,0,0,0
985,FILLER_22_174,top,FILLCELL_X1,34.295,32.9,0.266,0.585,0,0,0
