violation_f1,violation_precision,violation_recall,mae_mv,rmse_mv,r2,spearman,bias_mv,top5pct_hit,picp,mpiw_mv,raw_picp,picp_additive,mpiw_additive_mv,picp_ratio,mpiw_ratio_mv,variant,seed,fold
0.35555555555555557,1.0,0.21621621621621623,9.219778815065933,11.132607788546647,0.48466975446506533,0.9540813032976209,-9.219778815065933,0.8262548262548263,,,,,,,,physics_only,0,0
0.8803139306736429,0.9412587412587412,0.8267813267813268,3.590103168152015,4.963577962332591,0.8975571834355879,0.9540813032976209,-1.9832296314723865,0.8262548262548263,,,,,,,,physics_affine,0,0
0.8515476942514214,0.8764629388816645,0.828009828009828,3.116053239440762,4.396928003356736,0.9196121295564688,0.9515999814871541,0.028301424855128265,0.7760617760617761,0.8173225308641975,10.266644759768289,0.4058641975308642,0.8173225308641975,10.266644759768289,0.8376736111111112,17.685772608362736,learned_only,0,0
0.8471411901983664,0.8066666666666666,0.8918918918918919,1.8680053600657898,2.8449376852589245,0.9663459503251256,0.9881221339776675,0.2512836713105958,0.832046332046332,0.7177854938271605,4.387087081514257,0.4607445987654321,0.7177854938271605,4.387087081514257,0.7527970679012346,6.8217830270844795,hybrid,0,0
0.35555555555555557,1.0,0.21621621621621623,9.219778815065933,11.132607788546647,0.48466975446506533,0.9540813032976209,-9.219778815065933,0.8262548262548263,,,,,,,,physics_only,0,1
0.8802631578947369,0.9475920679886686,0.8218673218673219,3.6428840827639224,5.050801630893232,0.8939251468616215,0.9540813032976209,-2.1947552321913912,0.8262548262548263,,,,,,,,physics_affine,0,1
0.6907630522088354,0.9976798143851509,0.5282555282555282,3.2673243702259076,5.202498991236203,0.8874576901619112,0.9656126596669434,-1.2913421557477303,0.7818532818532818,0.7632137345679012,8.406398192484117,0.2671682098765432,0.7632137345679012,8.406398192484117,0.7662037037037037,12.924736744753881,learned_only,0,1
0.8774542992552472,0.9773755656108597,0.7960687960687961,1.9612831406201283,3.1742179987388774,0.9581046990105606,0.985062441598768,-1.1711018464775724,0.8359073359073359,0.8543595679012346,6.271807580526469,0.3205054012345679,0.8543595679012346,6.271807580526469,0.8491512345679012,9.613388142580796,hybrid,0,1
0.35555555555555557,1.0,0.21621621621621623,9.219778815065933,11.132607788546647,0.48466975446506533,0.9540813032976209,-9.219778815065933,0.8262548262548263,,,,,,,,physics_only,0,2
0.8763754045307444,0.9261285909712722,0.8316953316953317,3.5738919132695743,4.958889254314948,0.8977506316281402,0.9540813032976209,-1.9833869181388515,0.8262548262548263,,,,,,,,physics_affine,0,2
0.8096017457719585,0.7281648675171737,0.9115479115479116,3.5380201667853775,4.896987130926628,0.9002874688982045,0.9449769227394913,1.6807481098781671,0.7837837837837838,0.8180941358024691,10.996223920133074,0.3359375,0.8180941358024691,10.996223920133074,0.8303433641975309,14.124075979671591,learned_only,0,2
0.8052356020942407,0.7016423357664233,0.9447174447174447,2.216573318764759,3.3278816056629394,0.9539502210796527,0.9857486249217017,1.1236689961724913,0.8204633204633205,0.7700617283950617,5.639501029370504,0.35927854938271603,0.7700617283950617,5.639501029370504,0.8453896604938271,9.69635478048026,hybrid,0,2
0.35555555555555557,1.0,0.21621621621621623,9.219778815065933,11.132607788546647,0.48466975446506533,0.9540813032976209,-9.219778815065933,0.8262548262548263,,,,,,,,physics_only,0,3
0.8746803069053708,0.912,0.8402948402948403,3.5118385086818273,4.88814071843786,0.9006474050798647,0.9540813032976209,-1.7877746294660355,0.8262548262548263,,,,,,,,physics_affine,0,3
0.822284122562674,0.7522935779816514,0.9066339066339066,3.3031834140726786,4.553554882160202,0.9137829883601081,0.9551102064051432,1.1917351616173664,0.805019305019305,0.8393132716049383,10.863204884823162,0.3585069444444444,0.8393132716049383,10.863204884823162,0.8685378086419753,19.950331675297484,learned_only,0,3
0.8062015503875969,0.695807314897413,0.9582309582309583,2.1033463023552486,3.306635997355094,0.9545363192103061,0.987010737567752,0.9564969120253651,0.832046332046332,0.8850308641975309,8.754776807324639,0.3717206790123457,0.8850308641975309,8.754776807324639,0.9757908950617284,23.766101295430932,hybrid,0,3
0.35555555555555557,1.0,0.21621621621621623,9.219778815065933,11.132607788546647,0.48466975446506533,0.9540813032976209,-9.219778815065933,0.8262548262548263,,,,,,,,physics_only,0,4
0.8780812791472352,0.9592430858806404,0.8095823095823096,3.635102787814177,5.002954950014241,0.8959253402954918,0.9540813032976209,-2.0290389802943793,0.8262548262548263,,,,,,,,physics_affine,0,4
0.8541409147095179,0.8594527363184079,0.8488943488943489,3.0891830411581718,4.350694389650097,0.9212937953207139,0.9449222383654601,0.1836047482836372,0.7972972972972973,0.8461612654320988,10.48450123008863,0.37528935185185186,0.8461612654320988,10.48450123008863,0.8170331790123457,16.147046412837877,learned_only,0,4
0.820570150922303,0.7528205128205128,0.9017199017199017,1.9035650459146987,3.0150580729885914,0.962200750409745,0.9873202412923695,0.1839936431933887,0.8243243243243243,0.8889853395061729,7.05963005111412,0.4559220679012346,0.8889853395061729,7.05963005111412,0.9639274691358025,40.902469587896604,hybrid,0,4
0.35555555555555557,1.0,0.21621621621621623,9.219778815065933,11.132607788546647,0.48466975446506533,0.9540813032976209,-9.219778815065933,0.8262548262548263,,,,,,,,physics_only,1,0
0.8814229249011858,0.9502840909090909,0.8218673218673219,3.610190635638035,4.986982288558337,0.8965888264456535,0.9540813032976209,-2.0307003784269537,0.8262548262548263,,,,,,,,physics_affine,1,0
0.8425584255842559,0.8435960591133005,0.8415233415233415,3.0267196112286623,4.345873557844315,0.921468121129677,0.9597262742090561,0.026302685370777873,0.777992277992278,0.8451003086419753,10.409831484232571,0.36226851851851855,0.8451003086419753,10.409831484232571,0.8363233024691358,15.081374557828852,learned_only,1,0
0.8556399766218585,0.8160535117056856,0.8992628992628993,1.803262795514794,2.768946577192467,0.9681198050420949,0.9882138300598715,0.1309580776062311,0.833976833976834,0.7920524691358025,4.888422880140427,0.47077546296296297,0.7920524691358025,4.888422880140427,0.8435570987654321,8.312599112946407,hybrid,1,0
0.35555555555555557,1.0,0.21621621621621623,9.219778815065933,11.132607788546647,0.48466975446506533,0.9540813032976209,-9.219778815065933,0.8262548262548263,,,,,,,,physics_only,1,1
0.8806855636123928,0.9502133712660028,0.8206388206388207,3.6092763378856407,4.9829589692593155,0.8967556160256432,0.9540813032976209,-2.017265217721483,0.8262548262548263,,,,,,,,physics_affine,1,1
0.800662617338487,0.7271815446339017,0.8906633906633906,3.256711323275688,4.554011355692674,0.9137657017532694,0.9570488315211335,1.040459504996148,0.7799227799227799,0.6534529320987654,7.412060073191712,0.32609953703703703,0.6534529320987654,7.412060073191712,0.7144097222222222,10.443842141560935,learned_only,1,1
0.8210639441160666,0.7297039159503342,0.9385749385749386,2.1054248649241654,3.1887820117550016,0.9577193672582518,0.9867292502706958,1.021550408559479,0.8223938223938224,0.7847222222222222,6.130306509535074,0.3643904320987654,0.7847222222222222,6.130306509535074,0.917920524691358,12.823330178114444,hybrid,1,1
0.35555555555555557,1.0,0.21621621621621623,9.219778815065933,11.132607788546647,0.48466975446506533,0.9540813032976209,-9.219778815065933,0.8262548262548263,,,,,,,,physics_only,1,2
0.8780804150453956,0.929945054945055,0.8316953316953317,3.5497432636867714,4.9038933110837615,0.9000060230737532,0.9540813032976209,-1.8342138769293466,0.8262548262548263,,,,,,,,physics_affine,1,2
0.8650031989763276,0.9025367156208278,0.8304668304668305,2.8066910364074986,4.022369072587386,0.9327246991332117,0.9653371695402033,-0.15347306883819808,0.7934362934362934,0.8651620370370371,10.241106414564253,0.3507908950617284,0.8651620370370371,10.241106414564253,0.7482638888888888,13.681634237734068,learned_only,1,2
0.8571428571428572,0.8218714768883878,0.8955773955773956,1.788101488852535,2.771022615166239,0.9680719823018195,0.9882841718629393,0.12838809734123202,0.8301158301158301,0.8486689814814815,5.890150232273647,0.4539930555555556,0.8486689814814815,5.890150232273647,0.9379822530864198,13.125300155938138,hybrid,1,2
0.35555555555555557,1.0,0.21621621621621623,9.219778815065933,11.132607788546647,0.48466975446506533,0.9540813032976209,-9.219778815065933,0.8262548262548263,,,,,,,,physics_only,1,3
0.8812664907651715,0.9515669515669516,0.8206388206388207,3.6153126857448785,4.987819884148525,0.8965540863917086,0.9540813032976209,-2.022046365241769,0.8262548262548263,,,,,,,,physics_affine,1,3
0.8359326263256394,0.8491761723700887,0.8230958230958231,2.9937161743089273,4.296858210121288,0.9232295898588091,0.9619941151415345,0.010733215815394785,0.777992277992278,0.7960069444444444,9.013712889047277,0.3853202160493827,0.7960069444444444,9.013712889047277,0.7384259259259259,10.651776462894988,learned_only,1,3
0.8556338028169014,0.8191011235955056,0.8955773955773956,1.8236427982361716,2.760988083371694,0.9683028015062487,0.9880321545437036,0.22322891876095202,0.8378378378378378,0.828125,5.351680437999668,0.46730324074074076,0.828125,5.351680437999668,0.9052854938271605,11.690513463668923,hybrid,1,3
0.35555555555555557,1.0,0.21621621621621623,9.219778815065933,11.132607788546647,0.48466975446506533,0.9540813032976209,-9.219778815065933,0.8262548262548263,,,,,,,,physics_only,1,4
0.8777555110220442,0.9619326500732065,0.8071253071253072,3.6964509091840854,5.108258650447441,0.8914980425225177,0.9540813032976209,-2.2921332277578412,0.8262548262548263,,,,,,,,physics_affine,1,4
0.8145294441386901,0.7377866400797607,0.9090909090909091,3.4974140486199095,4.784779708896981,0.9048046553740692,0.9563829718519659,1.6687829681704145,0.7876447876447876,0.6805555555555556,9.002498281541625,0.3309220679012346,0.6805555555555556,9.002498281541625,0.7775848765432098,13.768808309164644,learned_only,1,4
0.8224500809498111,0.7333974975938402,0.9361179361179361,2.1206254137775815,3.2190521117592312,0.9569128439336035,0.9860664175543591,0.9190388690882005,0.8185328185328186,0.7482638888888888,5.333118121552321,0.42312885802469136,0.7482638888888888,5.333118121552321,0.8230131172839507,8.537774735943346,hybrid,1,4
0.35555555555555557,1.0,0.21621621621621623,9.219778815065933,11.132607788546647,0.48466975446506533,0.9540813032976209,-9.219778815065933,0.8262548262548263,,,,,,,,physics_only,2,0
0.8797385620915033,0.9399441340782123,0.8267813267813268,3.5758309987134154,4.937434910952968,0.8986334694989593,0.9540813032976209,-1.9135545938063823,0.8262548262548263,,,,,,,,physics_affine,2,0
0.8546365914786967,0.8721227621483376,0.8378378378378378,2.984039829571526,4.316981506817898,0.9225088347459239,0.9645450319316017,-0.06885406568694308,0.7451737451737451,0.8072916666666666,9.079847629236824,0.37663966049382713,0.8072916666666666,9.079847629236824,0.7466242283950617,11.107407543817533,learned_only,2,0
0.8584961515689757,0.8285714285714286,0.8906633906633906,1.7617944492363973,2.7807638700536286,0.9678471081814304,0.9879327504352113,0.0926386735767978,0.8301158301158301,0.8303433641975309,5.482752660386214,0.49112654320987653,0.8303433641975309,5.482752660386214,0.8719135802469136,9.320070644879534,hybrid,2,0
0.35555555555555557,1.0,0.21621621621621623,9.219778815065933,11.132607788546647,0.48466975446506533,0.9540813032976209,-9.219778815065933,0.8262548262548263,,,,,,,,physics_only,2,1
0.8779186124082722,0.9605839416058394,0.8083538083538083,3.67511512213628,5.075114519809977,0.8929014704223799,0.9540813032976209,-2.2174813908725244,0.8262548262548263,,,,,,,,physics_affine,2,1
0.8046744574290483,0.7355035605289929,0.8882063882063882,3.413474713294386,4.639637169391729,0.9104924122088,0.9634414072114945,1.554467402357022,0.7760617760617761,0.6095679012345679,7.254732736590198,0.29031635802469136,0.6095679012345679,7.254732736590198,0.6431327160493827,11.113914933391673,learned_only,2,1
0.8224500809498111,0.7333974975938402,0.9361179361179361,2.1336165352914627,3.309916482866249,0.9544460661991132,0.985895383237383,0.917867401102816,0.8185328185328186,0.7453703703703703,5.001913979018574,0.44386574074074076,0.7453703703703703,5.001913979018574,0.7961998456790124,8.765111261194207,hybrid,2,1
0.35555555555555557,1.0,0.21621621621621623,9.219778815065933,11.132607788546647,0.48466975446506533,0.9540813032976209,-9.219778815065933,0.8262548262548263,,,,,,,,physics_only,2,2
0.8762541806020067,0.9618208516886931,0.8046683046683046,3.6572868844718958,5.028726177502268,0.8948503596658712,0.9540813032976209,-2.071419749005394,0.8262548262548263,,,,,,,,physics_affine,2,2
0.8398791540785498,0.8263971462544589,0.8538083538083538,2.994152877255432,4.237653479122228,0.9253305939827886,0.9585207570073223,-0.08860769579745825,0.7857142857142857,0.8552276234567902,10.382364546129695,0.37181712962962965,0.8552276234567902,10.382364546129695,0.7375578703703703,11.387655300757503,learned_only,2,2
0.8502024291497976,0.8032786885245902,0.902948402948403,1.8024790807168036,2.7730785131934037,0.9680245881747722,0.9881760941616391,0.14242006161157952,0.8397683397683398,0.9439621913580247,8.982950713922762,0.4222608024691358,0.9439621913580247,8.982950713922762,0.9448302469135802,31.1159783097497,hybrid,2,2
0.35555555555555557,1.0,0.21621621621621623,9.219778815065933,11.132607788546647,0.48466975446506533,0.9540813032976209,-9.219778815065933,0.8262548262548263,,,,,,,,physics_only,2,3
0.8812664907651715,0.9515669515669516,0.8206388206388207,3.6119308483760464,4.98304044414614,0.8967522397613308,0.9540813032976209,-2.0112563791955034,0.8262548262548263,,,,,,,,physics_affine,2,3
0.849936948297604,0.8730569948186528,0.828009828009828,2.8750964257237923,4.1507111226741396,0.9283630919675836,0.9644680907753619,-0.11630991958669641,0.7664092664092664,0.7567515432098766,7.831460160974168,0.31491126543209874,0.7567515432098766,7.831460160974168,0.6635802469135802,9.383730394045926,learned_only,2,3
0.8386727688787187,0.784796573875803,0.9004914004914005,1.8320258986879931,2.8371259078434674,0.9665305146529449,0.9880155516081216,0.14860282497478955,0.832046332046332,0.8204089506172839,5.456127618429729,0.47280092592592593,0.8204089506172839,5.456127618429729,0.9499421296296297,14.672902260385577,hybrid,2,3
0.35555555555555557,1.0,0.21621621621621623,9.219778815065933,11.132607788546647,0.48466975446506533,0.9540813032976209,-9.219778815065933,0.8262548262548263,,,,,,,,physics_only,2,4
0.8782435129740519,0.9579100145137881,0.8108108108108109,3.653957580387631,5.042237999453234,0.8942845416388132,0.9540813032976209,-2.1417009584579922,0.8262548262548263,,,,,,,,physics_affine,2,4
0.8098901098901098,0.7326043737574552,0.9054054054054054,3.285161615548795,4.640267454266408,0.9104680917248301,0.96036277760679,1.1997130867297547,0.7277992277992278,0.6566358024691358,7.929595537737658,0.3695023148148148,0.6566358024691358,7.929595537737658,0.7208719135802469,10.935820374099197,learned_only,2,4
0.8192,0.7238454288407163,0.9434889434889435,2.110958544840507,3.293823296229016,0.9548879660088406,0.9862171961693342,0.8787698241329804,0.8204633204633205,0.7308063271604939,5.002094019345505,0.43971836419753085,0.7308063271604939,5.002094019345505,0.8071952160493827,9.014290505521155,hybrid,2,4
0.35555555555555557,1.0,0.21621621621621623,9.219778815065933,11.132607788546647,0.48466975446506533,0.9540813032976209,-9.219778815065933,0.8262548262548263,,,,,,,,physics_only,3,0
0.8773333333333333,0.9591836734693877,0.8083538083538083,3.644377497881848,5.020087953948166,0.8952112963861218,0.9540813032976209,-2.075925076644133,0.8262548262548263,,,,,,,,physics_affine,3,0
0.8333333333333334,0.850383631713555,0.816953316953317,2.956691800034438,4.236114374365458,0.9253848236023157,0.9640427496683794,-0.04401573792688241,0.7586872586872587,0.7109375,7.518424092055872,0.35648148148148145,0.7109375,7.518424092055872,0.6487268518518519,9.196915137800858,learned_only,3,0
0.8519602106495026,0.8134078212290503,0.8943488943488943,1.7887735431254732,2.848689135635982,0.9662571366135474,0.9875239851846154,0.09256747429147068,0.8223938223938224,0.7810570987654321,4.730819007451726,0.5101273148148148,0.7810570987654321,4.730819007451726,0.9066358024691358,10.160034180348084,hybrid,3,0
0.35555555555555557,1.0,0.21621621621621623,9.219778815065933,11.132607788546647,0.48466975446506533,0.9540813032976209,-9.219778815065933,0.8262548262548263,,,,,,,,physics_only,3,1
0.8777555110220442,0.9619326500732065,0.8071253071253072,3.6536604255179834,5.02863135857999,0.8948543249171997,0.9540813032976209,-2.0838652399903768,0.8262548262548263,,,,,,,,physics_affine,3,1
0.8490338164251207,0.834916864608076,0.8636363636363636,3.1257391985921767,4.354765597838273,0.9211464260785609,0.9519057055172857,0.1398274289247091,0.7915057915057915,0.9239004629629629,13.303547010260505,0.35127314814814814,0.9239004629629629,13.303547010260505,0.8459683641975309,17.129632326627835,learned_only,3,1
0.8521739130434782,0.8068057080131723,0.902948402948403,1.8406865211240029,2.804107517639964,0.9673050152934277,0.9879836442364729,0.19970154694736805,0.8359073359073359,0.9395254629629629,8.871587097856656,0.5045331790123457,0.9395254629629629,8.871587097856656,0.9757908950617284,22.08797890077647,hybrid,3,1
0.35555555555555557,1.0,0.21621621621621623,9.219778815065933,11.132607788546647,0.48466975446506533,0.9540813032976209,-9.219778815065933,0.8262548262548263,,,,,,,,physics_only,3,2
0.8704453441295547,0.9655688622754491,0.7923832923832924,3.7377252558774434,5.133794125066845,0.8904105588158895,0.9540813032976209,-2.271968443462894,0.8262548262548263,,,,,,,,physics_affine,3,2
0.8524382520582646,0.8797385620915033,0.8267813267813268,3.1616523462155164,4.430903288662715,0.918365007522663,0.9420415372777773,0.17998897139319517,0.7857142857142857,0.8382523148148148,10.241760145881765,0.34403935185185186,0.8382523148148148,10.241760145881765,0.7214506172839507,12.575967386154703,learned_only,3,2
0.8397472716829409,0.7885652642934197,0.898034398034398,1.8290844628255978,2.9178368465987545,0.9645991390949247,0.9876002440731622,0.03337019818720596,0.833976833976834,0.9048996913580247,8.061780740852605,0.4574652777777778,0.9048996913580247,8.061780740852605,0.9592978395061729,28.4024090960674,hybrid,3,2
0.35555555555555557,1.0,0.21621621621621623,9.219778815065933,11.132607788546647,0.48466975446506533,0.9540813032976209,-9.219778815065933,0.8262548262548263,,,,,,,,physics_only,3,3
0.8785046728971961,0.9619883040935673,0.8083538083538083,3.6657269810533184,5.0531748290996275,0.8938254415828102,0.9540813032976209,-2.153551005632884,0.8262548262548263,,,,,,,,physics_affine,3,3
0.8576709796672828,0.8603213844252163,0.855036855036855,3.0786291091212425,4.328411703157569,0.9220979403139279,0.9485738445264198,0.13053035288799986,0.7664092664092664,0.7797067901234568,9.353082737156024,0.4071180555555556,0.7797067901234568,9.353082737156024,0.796875,12.716651317796131,learned_only,3,3
0.8472791105909888,0.8089385474860336,0.8894348894348895,1.8624670053066843,2.911231661188161,0.9647592334384294,0.9874263806736314,0.2692687512900603,0.8281853281853282,0.728491512345679,4.976026572254218,0.4546682098765432,0.728491512345679,4.976026572254218,0.8122106481481481,8.445045355746513,hybrid,3,3
0.35555555555555557,1.0,0.21621621621621623,9.219778815065933,11.132607788546647,0.48466975446506533,0.9540813032976209,-9.219778815065933,0.8262548262548263,,,,,,,,physics_only,3,4
0.8802631578947369,0.9475920679886686,0.8218673218673219,3.6133542980432294,4.997108581228883,0.8961684379569931,0.9540813032976209,-2.0616510739708347,0.8262548262548263,,,,,,,,physics_affine,3,4
0.8479205462445685,0.8569636135508155,0.8390663390663391,3.1325990494053473,4.388171479592696,0.9199319971400924,0.9545779732286876,0.47915120215375173,0.7644787644787645,0.7752700617283951,8.559499379818993,0.3010223765432099,0.7752700617283951,8.559499379818993,0.6912615740740741,12.44395058365658,learned_only,3,4
0.8481675392670157,0.8055248618784531,0.8955773955773956,1.8723116190618803,2.8520989080863957,0.9661763104236684,0.9879383372633046,0.1735436851570944,0.8243243243243243,0.8228202160493827,5.46502288926138,0.4308449074074074,0.8228202160493827,5.46502288926138,0.8408564814814815,9.18183547311416,hybrid,3,4
0.35555555555555557,1.0,0.21621621621621623,9.219778815065933,11.132607788546647,0.48466975446506533,0.9540813032976209,-9.219778815065933,0.8262548262548263,,,,,,,,physics_only,4,0
0.8779186124082722,0.9605839416058394,0.8083538083538083,3.6497081243239733,5.023901369497948,0.8950520343768189,0.9540813032976209,-2.075668758539523,0.8262548262548263,,,,,,,,physics_affine,4,0
0.845020624631703,0.812004530011325,0.8808353808353808,2.9853654588528173,4.183421510626933,0.9272295491804143,0.960528811935611,0.09346913050527628,0.7760617760617761,0.9207175925925926,12.822547913055372,0.3653549382716049,0.9207175925925926,12.822547913055372,0.8325617283950617,15.986229352498132,learned_only,4,0
0.8470859780727062,0.7986942328618063,0.9017199017199017,1.8154981519610656,2.823824918050536,0.966843601741222,0.9875838535874095,0.09413992279463947,0.832046332046332,0.9437692901234568,9.035025488084743,0.5088734567901234,0.9437692901234568,9.035025488084743,0.9584297839506173,23.09445226903301,hybrid,4,0
0.35555555555555557,1.0,0.21621621621621623,9.219778815065933,11.132607788546647,0.48466975446506533,0.9540813032976209,-9.219778815065933,0.8262548262548263,,,,,,,,physics_only,4,1
0.8782435129740519,0.9579100145137881,0.8108108108108109,3.6411538606891862,5.019454254627687,0.8952377502409831,0.9540813032976209,-2.0829632611498945,0.8262548262548263,,,,,,,,physics_affine,4,1
0.8280739934711643,0.7431640625,0.9348894348894349,3.459525309242752,4.732235157550139,0.9068839702037634,0.9475060796724059,1.455186320593809,0.8108108108108109,0.8606288580246914,11.905454636768175,0.33719135802469136,0.8606288580246914,11.905454636768175,0.8627507716049383,19.698480215687834,learned_only,4,1
0.8106100795755968,0.7133520074696545,0.9385749385749386,2.1618812676164163,3.369295728267409,0.9527969482015531,0.9856357498908236,0.8646718187593614,0.8108108108108109,0.8561921296296297,7.865267078008772,0.4039351851851852,0.8561921296296297,7.865267078008772,0.933545524691358,24.19080529922416,hybrid,4,1
0.35555555555555557,1.0,0.21621621621621623,9.219778815065933,11.132607788546647,0.48466975446506533,0.9540813032976209,-9.219778815065933,0.8262548262548263,,,,,,,,physics_only,4,2
0.8777555110220442,0.9619326500732065,0.8071253071253072,3.730157914670009,5.16755715200169,0.8889643620458891,0.9540813032976209,-2.431941092903336,0.8262548262548263,,,,,,,,physics_affine,4,2
0.4655984919886899,1.0,0.3034398034398034,4.324859321527013,6.49108274464171,0.8248032257092507,0.9480020267254294,-2.6113681898306726,0.7992277992277992,0.6382137345679012,8.685685247106605,0.17978395061728394,0.6382137345679012,8.685685247106605,0.6697530864197531,19.5669083666966,learned_only,4,2
0.8712474983322214,0.9532846715328467,0.8022113022113022,2.0471908216589534,3.1847720862343123,0.9578256370422208,0.9844702323297042,-1.232871713989514,0.8494208494208494,0.7926311728395061,5.538267470913123,0.25617283950617287,0.7926311728395061,5.538267470913123,0.8136574074074074,10.186221400584737,hybrid,4,2
0.35555555555555557,1.0,0.21621621621621623,9.219778815065933,11.132607788546647,0.48466975446506533,0.9540813032976209,-9.219778815065933,0.8262548262548263,,,,,,,,physics_only,4,3
0.8706199460916442,0.9641791044776119,0.7936117936117936,3.784436138039939,5.235516963037551,0.8860246440547416,0.9540813032976209,-2.552449229515581,0.8262548262548263,,,,,,,,physics_affine,4,3
0.3833167825223435,1.0,0.2371007371007371,4.641010275686134,7.05883301286548,0.7928153236008812,0.9532034609826302,-3.4724282743559267,0.7915057915057915,0.6212384259259259,10.213956280635953,0.14438657407407407,0.6212384259259259,10.213956280635953,0.6178626543209876,18.391940487910183,learned_only,4,3
0.8182476466328746,0.9964726631393298,0.6941031941031941,2.533123625487539,3.8910222402430756,0.9370465926298353,0.983976482167657,-2.0775489695113007,0.8378378378378378,0.6656057098765432,5.576691641319244,0.13001543209876543,0.6656057098765432,5.576691641319244,0.7265625,11.340997115937654,hybrid,4,3
0.35555555555555557,1.0,0.21621621621621623,9.219778815065933,11.132607788546647,0.48466975446506533,0.9540813032976209,-9.219778815065933,0.8262548262548263,,,,,,,,physics_only,4,4
0.8797385620915033,0.9399441340782123,0.8267813267813268,3.582137503135705,4.950929165342547,0.8980786328291799,0.9540813032976209,-1.9515743953800677,0.8262548262548263,,,,,,,,physics_affine,4,4
0.8602022605591909,0.8339100346020761,0.8882063882063882,2.9401154459171353,4.209236540702562,0.9263286753336288,0.9508259538074336,-0.12115672450464451,0.7741312741312741,0.9170524691358025,12.935512103190565,0.37712191358024694,0.9170524691358025,12.935512103190565,0.8315007716049383,18.296264698750647,learned_only,4,4
0.8352272727272728,0.7769556025369979,0.902948402948403,1.844637393182867,2.9312518964367986,0.9642728727211224,0.9875097649947553,0.09464120197631738,0.8262548262548263,0.8873456790123457,6.750521800420032,0.5105131172839507,0.8873456790123457,6.750521800420032,0.9278549382716049,13.628548562554059,hybrid,4,4
