fit_scope,design,scenario,target,signoff_clean,k_sheet,k_bump,r2,mae_mv,rmse_mv,bias_mv,spearman,pearson,label_max_mv,n
asrun,orfs_ibex,seq_write/scale,tile_mean,True,164.4374964981951,1644.3749649819508,-0.9391815950311926,0.8730474383630495,1.2184619916255308,-0.34607442245804476,-0.13071809155484154,-0.22327444502094465,5.964354144736844,576
asrun,orfs_gcd,seq_write/scale,tile_mean,True,100.04345158823287,1000.4345158823287,0.026140806434190922,1.5979654717103469,1.905205398725057,-0.01775281278810146,0.23347992939638662,0.18153793901071336,9.591748157894738,576
asrun,orfs_ssd_ctrl_cfg_small,seq_write/scale,tile_mean,True,489.8625854708021,4898.6258547080215,-0.9810039947651346,0.2515316440711893,0.2963637661425329,-0.08844364626898618,-0.22578010920523528,-0.20495245057907024,1.1723366513157893,576
asrun,orfs_ssd_ctrl_cfg_run_01_p12,seq_write/scale,tile_mean,False,587.4360022705672,5874.360022705672,-0.11795262583534205,0.08534653578394247,0.10399398279128673,-0.029799101538961446,0.5816000080386229,0.6217909058157145,0.5025263157894738,576
asrun,orfs_ssd_ctrl_cfg_run_02_p24,seq_write/scale,tile_mean,False,466.5688195613044,4665.688195613044,-0.9383043382501215,0.11539890888789238,0.14541847124948587,-0.04785628630523057,0.4649515306707535,0.5140031651562084,0.7116846578947369,576
asrun,orfs_ssd_ctrl_cfg_run_03_p24,seq_write/scale,tile_mean,False,475.67946902032287,4756.794690203229,-1.0592455120493818,0.10761639106465624,0.13728413665613176,-0.0475300623114731,0.5675634974414386,0.5794847059689805,0.7421898289473685,576
asrun,orfs_ssd_ctrl_cfg_run_04_p16,seq_write/scale,tile_mean,False,554.8024172220961,5548.024172220961,-0.3141738585437168,0.08931268281571995,0.11103830139226091,-0.03396357554712744,0.5706212117212424,0.6119279504555528,0.5175119342105263,576
asrun,orfs_ssd_ctrl_cfg_mid,seq_write/scale,tile_mean,True,1983.5875894068645,19835.875894068646,-0.5706150060805433,0.22731735053957575,0.2706253856317749,-0.07033397255249704,-0.08975153858386466,-0.11984143404639006,0.8627525789473685,576
global,CLEAN_POOLED,all,tile_mean,True,234.97141387795043,2349.714138779504,-0.0573860937922408,1.49476300931497,2.0725173416142115,-0.3089639210054667,0.12959413312164283,0.177087725656993,9.591748157894738,2304
global_applied,orfs_ibex,all,tile_mean,True,234.97141387795043,2349.714138779504,-1.20978042934063,0.9420455455287239,1.3007005014339998,-0.7636912973434996,-0.13071809155484154,-0.22327444502094462,5.964354144736844,576
global_applied,orfs_gcd,all,tile_mean,True,234.97141387795043,2349.714138779504,-1.8202632026066774,2.6973736890581805,3.242190580706553,-2.624783151322224,0.23347992939638662,0.18153793901071333,9.591748157894738,576
global_applied,orfs_ssd_ctrl_cfg_small,all,tile_mean,True,234.97141387795043,2349.714138779504,-4.470640454915351,0.40901161537878405,0.49249464853105773,0.2693783063642253,-0.22578010920523528,-0.2049524505790703,1.1723366513157893,576
global_applied,orfs_ssd_ctrl_cfg_mid,all,tile_mean,True,234.97141387795043,2349.714138779504,-100.54662656188468,1.9306211872941919,2.1760376812642455,1.8832404582796316,-0.08975153858386466,-0.11984143404639003,0.8627525789473685,576
per_scenario,orfs_ibex,idle,tile_mean,True,31.317797806581222,313.1779780658122,-0.9391824452667081,0.19115403660326707,0.26678267705158504,-0.07577313447446643,-0.1307253776625985,-0.22327463772380152,1.305896875,576
per_scenario,orfs_ibex,seq_read,tile_mean,True,105.5195349676441,1055.195349676441,-0.9391816711412462,0.8730474234695296,1.2184619779986798,-0.34607442227755125,-0.13071809155484154,-0.2232744087391405,5.964354374999999,576
per_scenario,orfs_ibex,seq_write,tile_mean,True,105.51850295028233,1055.1850295028232,-0.9391815950311926,1.077136449928438,1.503297262395135,-0.4269749367988859,-0.13071809155484154,-0.22327444502094457,7.3586187500000015,576
per_scenario,orfs_ibex,rand_read_4k,tile_mean,True,105.5195349676441,1055.195349676441,-0.9391816711412462,0.8730474234695296,1.2184619779986798,-0.34607442227755125,-0.13071809155484154,-0.2232744087391405,5.964354374999999,576
per_scenario,orfs_ibex,gc_compact,tile_mean,True,105.51933721744349,1055.193372174435,-0.939181588371766,0.9070622440896152,1.2659344800254255,-0.3595578223014184,-0.13071809155484154,-0.2232744141228233,6.196731875000001,576
per_scenario,orfs_ibex,ecc_recover,tile_mean,True,105.50350350309103,1055.0350350309102,-0.9391815431145851,0.45353111934856766,0.6329672665132108,-0.1797789152755455,-0.13071809155484154,-0.2232743799576798,3.0983662499999998,576
per_scenario,orfs_gcd,idle,tile_mean,True,42.044762269876394,420.44762269876395,0.026141051537259097,0.15855531427653277,0.18904059359424946,-0.0017614768365871627,0.23349659751545718,0.18153830633722767,0.951725,576
per_scenario,orfs_gcd,seq_read,tile_mean,True,64.1978818360577,641.9788183605771,0.026140829030987134,1.5979656469072152,1.9052057354490528,-0.017752800161198515,0.23349396383655763,0.18153796747536324,9.591750000000001,576
per_scenario,orfs_gcd,seq_write,tile_mean,True,64.19725103079055,641.9725103079055,0.02614080643419081,1.9715158417205574,2.3505780893361097,-0.021902820972331257,0.23347992939638662,0.1815379390107135,11.833975,576
per_scenario,orfs_gcd,rand_read_4k,tile_mean,True,64.1978818360577,641.9788183605771,0.026140829030987134,1.5979656469072152,1.9052057354490528,-0.017752800161198515,0.23349396383655763,0.18153796747536324,9.591750000000001,576
per_scenario,orfs_gcd,gc_compact,tile_mean,True,64.1977564792804,641.9775647928041,0.026140886499682492,1.6602238270559677,1.9794342925527455,-0.01844444549048493,0.23346852863555573,0.18153808395559384,9.9654575,576
per_scenario,orfs_gcd,ecc_recover,tile_mean,True,64.18812223576246,641.8812223576247,0.026140910412431606,0.8301123110124087,0.9897174909906067,-0.0092222152646491,0.23349659751545718,0.18153810582911473,4.982729999999999,576
per_scenario,orfs_ssd_ctrl_cfg_small,idle,tile_mean,True,10.958715968637176,109.58715968637176,-0.11560195074730051,0.10616547437003669,0.13093629771193904,-0.035099122781592426,0.5644535076482556,0.5744695843349888,0.6257699999999999,576
per_scenario,orfs_ssd_ctrl_cfg_small,seq_read,tile_mean,True,142.66583874582656,1426.6583874582657,-0.9868230006844787,0.25211095771338843,0.2967988886119325,-0.0889421905143059,-0.22799135326306044,-0.20619219211123072,1.1723375,576
per_scenario,orfs_ssd_ctrl_cfg_small,seq_write,tile_mean,True,358.574261161083,3585.74261161083,-0.9673960620378923,0.3084000442510484,0.3643856020913094,-0.10720974667674578,-0.22904829457931694,-0.20827471100583242,1.446389375,576
per_scenario,orfs_ssd_ctrl_cfg_small,rand_read_4k,tile_mean,True,274.3827810274336,2743.827810274336,-1.0191689458416646,0.25522675734551264,0.29920511249067666,-0.09278163177215389,-0.21765725899205185,-0.1961739912835677,1.1723375,576
per_scenario,orfs_ssd_ctrl_cfg_small,gc_compact,tile_mean,True,403.4194790987113,4034.194790987113,-0.9456798175763597,0.25641272674315974,0.3051528011228512,-0.08762878524233096,-0.23650443409707772,-0.21521824551884453,1.2180124999999997,576
per_scenario,orfs_ssd_ctrl_cfg_small,ecc_recover,tile_mean,True,121.17143471333846,1211.7143471333845,-2.4380305034570466,0.1831260906323324,0.2241866817828937,-0.08788528085603155,0.36935605204330246,0.4237744269754132,0.894683125,576
per_scenario,orfs_ssd_ctrl_cfg_run_01_p12,idle,tile_mean,False,11.220166141006118,112.20166141006118,0.013363595519562566,0.1050497743509455,0.12874775927331836,-0.031806607101665475,0.5614663234084526,0.5755333074618896,0.62,576
per_scenario,orfs_ssd_ctrl_cfg_run_01_p12,seq_read,tile_mean,False,141.34723190149816,1413.4723190149816,-0.0746668612486252,0.10473726030568693,0.12692784327904827,-0.035433628002736195,0.5809583276670527,0.6192343618328098,0.62,576
per_scenario,orfs_ssd_ctrl_cfg_run_01_p12,seq_write,tile_mean,False,429.74271137724185,4297.427113772418,-0.07523755545375543,0.10303230257112855,0.1258292487246126,-0.03517373986819926,0.5966235669020744,0.6301233931861204,0.62,576
per_scenario,orfs_ssd_ctrl_cfg_run_01_p12,rand_read_4k,tile_mean,False,272.30871200019266,2723.0871200019265,-0.17697160445638915,0.11000096791347928,0.13283207740937258,-0.03941537968277038,0.5588877853782231,0.599630762202769,0.62,576
per_scenario,orfs_ssd_ctrl_cfg_run_01_p12,gc_compact,tile_mean,False,413.21745423639777,4132.174542363978,0.03207531232236749,0.09870595378084032,0.1202603194633195,-0.03120312135028554,0.6254326898224707,0.6427432251203815,0.62,576
per_scenario,orfs_ssd_ctrl_cfg_run_01_p12,ecc_recover,tile_mean,False,177.18306328349084,1771.8306328349083,-0.2225368684898521,0.11578017382536855,0.1388604484207673,-0.042491669638912405,0.5316273435506705,0.5644566646249456,0.62,576
per_scenario,orfs_ssd_ctrl_cfg_run_02_p24,idle,tile_mean,False,11.383204070587059,113.83204070587058,-1.555654166662812e-05,0.10425360946825657,0.1279369413625809,-0.031399901069909676,0.5674024680193177,0.5752748725727415,0.62036375,576
per_scenario,orfs_ssd_ctrl_cfg_run_02_p24,seq_read,tile_mean,False,116.87501538954805,1168.7501538954805,-0.7763895628512141,0.12961731428615278,0.16257072895732108,-0.05330349093927835,0.512458258372211,0.55860300657173,0.791264375,576
per_scenario,orfs_ssd_ctrl_cfg_run_02_p24,seq_write,tile_mean,False,341.41845357304425,3414.1845357304423,-0.8732192306729831,0.13884406204882013,0.1763744915324862,-0.056967778662643076,0.47870564386484393,0.521894790147965,0.8780525,576
per_scenario,orfs_ssd_ctrl_cfg_run_02_p24,rand_read_4k,tile_mean,False,224.9725265957513,2249.725265957513,-0.9334396819492821,0.13776118923040478,0.16960496460243396,-0.058202799826137505,0.4926562458448326,0.5408311735485418,0.791264375,576
per_scenario,orfs_ssd_ctrl_cfg_run_02_p24,gc_compact,tile_mean,False,339.68202652792013,3396.8202652792015,-0.6250259668307143,0.12057035974057251,0.15668627582369626,-0.04863279343486476,0.5505826072919432,0.5751096102902725,0.8057281249999998,576
per_scenario,orfs_ssd_ctrl_cfg_run_02_p24,ecc_recover,tile_mean,False,160.59807212493297,1605.9807212493297,-0.6406682428360531,0.12576555785426033,0.1513615739949243,-0.05230784021424171,0.5273045319258869,0.5653653351294146,0.625370625,576
per_scenario,orfs_ssd_ctrl_cfg_run_03_p24,idle,tile_mean,False,11.727896131016285,117.27896131016286,-0.20473112885996225,0.11515894357592654,0.1400873245708136,-0.040428100461501686,0.5345376615786366,0.5301599672342944,0.6204618749999999,576
per_scenario,orfs_ssd_ctrl_cfg_run_03_p24,seq_read,tile_mean,False,119.21606781266911,1192.160678126691,-0.8459682660788976,0.1212657338637648,0.15433163476085832,-0.052996694946728005,0.5959805054238352,0.6158854261584581,0.8129262500000001,576
per_scenario,orfs_ssd_ctrl_cfg_run_03_p24,seq_write,tile_mean,False,347.7119604172639,3477.1196041726394,-1.02122786622831,0.13080273430871284,0.16780573968494414,-0.05729651245095145,0.5709842710754255,0.579127185531642,0.91568875,576
per_scenario,orfs_ssd_ctrl_cfg_run_03_p24,rand_read_4k,tile_mean,False,229.81402799502612,2298.140279950261,-0.9830035417838972,0.12766922058649272,0.15995749195372366,-0.057121099073287156,0.5784845542351569,0.6067350535940474,0.8129262500000001,576
per_scenario,orfs_ssd_ctrl_cfg_run_03_p24,gc_compact,tile_mean,False,346.463177009233,3464.63177009233,-0.8068257479787635,0.12033378806313012,0.15339116657700858,-0.05099420549672414,0.6052211122325886,0.6079423669428201,0.8300525000000001,576
per_scenario,orfs_ssd_ctrl_cfg_run_03_p24,ecc_recover,tile_mean,False,163.91245450217252,1639.1245450217252,-0.6218069942874818,0.12070861598873231,0.1460040621603852,-0.05122686774751809,0.56489003002239,0.5982021126541428,0.6236962500000001,576
per_scenario,orfs_ssd_ctrl_cfg_run_04_p16,idle,tile_mean,False,11.335285526381744,113.35285526381745,0.012949316054878701,0.10475250520340049,0.12836644122265345,-0.031361903039413115,0.5621323964697059,0.574160693087683,0.620025625,576
per_scenario,orfs_ssd_ctrl_cfg_run_04_p16,seq_read,tile_mean,False,135.06938982549585,1350.6938982549584,-0.22480871917319023,0.10750899664461315,0.1326933406754992,-0.039482158877020855,0.5751069037448331,0.616043558406147,0.620385625,576
per_scenario,orfs_ssd_ctrl_cfg_run_04_p16,seq_write,tile_mean,False,405.93127683058526,4059.312768305853,-0.26342445391455094,0.10721685808958661,0.13432409305499562,-0.040198544982035525,0.586277413761654,0.6203840201768357,0.63848875,576
per_scenario,orfs_ssd_ctrl_cfg_run_04_p16,rand_read_4k,tile_mean,False,260.1115497564896,2601.115497564896,-0.3436282995868547,0.1137478017251549,0.13898072232464354,-0.04367896463962932,0.5524038158288634,0.5964940749320969,0.620385625,576
per_scenario,orfs_ssd_ctrl_cfg_run_04_p16,gc_compact,tile_mean,False,394.30358059659494,3943.0358059659493,-0.10546552288210398,0.10060765395730623,0.1259346614749431,-0.03516396004265719,0.6224122091350658,0.639147372577034,0.620400625,576
per_scenario,orfs_ssd_ctrl_cfg_run_04_p16,ecc_recover,tile_mean,False,173.62310820044334,1736.2310820044333,-0.3067598013468886,0.11701699732562561,0.1408404119584164,-0.04452888348764392,0.5329346295732859,0.5665028454429558,0.620200625,576
per_scenario,orfs_ssd_ctrl_cfg_mid,idle,tile_mean,True,48.2519304683706,482.519304683706,0.0648990509389139,0.09862687878521131,0.11917589143795304,-0.029102231483799302,0.6164400109468025,0.6266184887883304,0.6208368750000001,576
per_scenario,orfs_ssd_ctrl_cfg_mid,seq_read,tile_mean,True,574.9001557208468,5749.001557208468,-0.5688462073860476,0.22710772948284388,0.2704728801616041,-0.07025522670811053,-0.08714531789462016,-0.11757325640681308,0.862751875,576
per_scenario,orfs_ssd_ctrl_cfg_mid,seq_write,tile_mean,True,1499.209792904695,14992.09792904695,-0.576164739641285,0.281211967706983,0.3344778363847299,-0.08695309614608285,-0.09944732890058712,-0.12852076380358143,1.064435,576
per_scenario,orfs_ssd_ctrl_cfg_mid,rand_read_4k,tile_mean,True,1032.1792473222831,10321.792473222831,-0.5596670880440557,0.22611052336971557,0.26968046819945024,-0.07020498605610101,-0.06871046212844382,-0.10086364500846366,0.862751875,576
per_scenario,orfs_ssd_ctrl_cfg_mid,gc_compact,tile_mean,True,1812.8041835191502,18128.041835191503,-0.5864720592757502,0.23793493670136137,0.28258490367259625,-0.07349652922018816,-0.1258596872704157,-0.14500458175015354,0.8963656249999999,576
per_scenario,orfs_ssd_ctrl_cfg_mid,ecc_recover,tile_mean,True,360.6923500644427,3606.923500644427,-1.4596830014931461,0.14118614420653225,0.18375097750800495,-0.06844399343406554,0.6000231990817957,0.5655005818673551,0.87484875,576
asrun,orfs_ibex,seq_write/scale,tile_max,True,137.4445243828724,1374.445243828724,-0.97002039390057,1.0536232751932786,1.4716615346617714,-0.4229725050873023,-0.15664512492301697,-0.2425694375929114,6.9664980000000005,576
asrun,orfs_gcd,seq_write/scale,tile_max,True,91.93616227944024,919.3616227944024,0.012249473986156834,1.662851146069769,1.990622307180817,-0.025990976873112654,0.2033074620220496,0.1606909719435637,9.593997368421054,576
asrun,orfs_ssd_ctrl_cfg_small,seq_write/scale,tile_max,True,389.6354263216168,3896.354263216168,-0.9614620582037043,0.30803037279908224,0.3626504107009693,-0.10710591084135951,-0.1986461639742957,-0.17494716696903018,1.461241157894737,576
asrun,orfs_ssd_ctrl_cfg_run_01_p12,seq_write/scale,tile_max,False,551.6647545615176,5516.647545615177,-0.27082149152348256,0.08949817353292369,0.10984519504687053,-0.033768642211845494,0.5851907501523506,0.6239872103246511,0.5187368421052633,576
asrun,orfs_ssd_ctrl_cfg_run_02_p24,seq_write/scale,tile_max,False,426.34141223252647,4263.4141223252645,-1.044130843735616,0.13363473326245562,0.16637140074918605,-0.05456234740059876,0.4134492155246033,0.4639689634356544,0.8603412631578948,576
asrun,orfs_ssd_ctrl_cfg_run_03_p24,seq_write/scale,tile_max,False,435.4496707807773,4354.496707807773,-1.2489701877578736,0.12332545001138805,0.1566169901795362,-0.054335598380410986,0.5186645322287758,0.5300174752009361,0.9454060000000002,576
asrun,orfs_ssd_ctrl_cfg_run_04_p16,seq_write/scale,tile_max,False,517.0874680966912,5170.874680966912,-0.4744563126606385,0.09602184186477158,0.11940912261944414,-0.03819095969410743,0.5654034871784218,0.6085201034476015,0.5558103157894738,576
asrun,orfs_ssd_ctrl_cfg_mid,seq_write/scale,tile_max,True,1509.6041108086117,15096.041108086118,-0.5943065411919344,0.2806142823895603,0.33547670251890815,-0.08783575382640085,-0.06993366783585128,-0.09134558633939555,1.2746093684210527,576
global,CLEAN_POOLED,all,tile_max,True,209.54080091445744,2095.4080091445744,-0.0854742611226027,1.6596629382258123,2.2525062443501698,-0.37321103676437306,0.13064852932650245,0.16450592221290833,9.593997368421054,2304
global_applied,orfs_ibex,all,tile_max,True,209.54080091445744,2095.4080091445744,-1.32438930041294,1.173263394684683,1.598552895586339,-0.995653425354738,-0.15664512492301697,-0.24256943759291133,6.9664980000000005,576
global_applied,orfs_gcd,all,tile_max,True,209.54080091445744,2095.4080091445744,-1.9283063606174995,2.90989372593917,3.4274686184376963,-2.798783037869775,0.2033074620220496,0.16069097194356363,9.593997368421054,576
global_applied,orfs_ssd_ctrl_cfg_small,all,tile_max,True,209.54080091445744,2095.4080091445744,-3.2510907304562418,0.43922607082991566,0.5338858429881541,0.2493248718269869,-0.1986461639742957,-0.17494716696903018,1.461241157894737,576
global_applied,orfs_ssd_ctrl_cfg_mid,all,tile_max,True,209.54080091445744,2095.4080091445744,-79.84804066170211,2.116268561449481,2.388972779175221,2.052267444340034,-0.06993366783585128,-0.09134558633939552,1.2746093684210527,576
per_scenario,orfs_ibex,idle,tile_max,True,26.17687436554356,261.7687436554356,-0.9700238635985035,0.230691285623669,0.32222087779433234,-0.09261010087646665,-0.15664512492301697,-0.24257072970609794,1.52532,576
per_scenario,orfs_ibex,seq_read,tile_max,True,88.1981574846407,881.981574846407,-0.9700200803808188,1.0536233249414346,1.47166157656365,-0.422972483892542,-0.15664512492301697,-0.24256941302766274,6.9665,576
per_scenario,orfs_ibex,seq_write,tile_max,True,88.19728322580893,881.9728322580893,-0.9700203939005696,1.2999248200436553,1.815686308998289,-0.52184919458823,-0.15664512492301697,-0.24256943759291122,8.59503,576
per_scenario,orfs_ibex,rand_read_4k,tile_max,True,88.1981574846407,881.981574846407,-0.9700200803808188,1.0536233249414346,1.47166157656365,-0.422972483892542,-0.15664512492301697,-0.24256941302766274,6.9665,576
per_scenario,orfs_ibex,gc_compact,tile_max,True,88.19798954750075,881.9798954750075,-0.97002009289364,1.094673678421654,1.5289989158397934,-0.43945189375587884,-0.15664512492301697,-0.24256938422358487,7.23792,576
per_scenario,orfs_ibex,ecc_recover,tile_max,True,88.18475133445726,881.8475133445726,-0.9700210241889711,0.5473368486614724,0.7644994012315811,-0.21972598711567798,-0.15664512492301697,-0.2425695583752941,3.61896,576
per_scenario,orfs_gcd,idle,tile_max,True,38.63753532774816,386.3753532774816,0.012249462452277649,0.16499341582801388,0.19751595367555166,-0.002578906382775387,0.2033074620220496,0.1606908705678008,0.9519500000000001,576
per_scenario,orfs_gcd,seq_read,tile_max,True,58.99543214147478,589.9543214147478,0.012249516891297163,1.6628514451150664,1.9906226706996968,-0.025990959464802014,0.2033074620220496,0.16069103161684528,9.594,576
per_scenario,orfs_gcd,seq_write,tile_max,True,58.9948546852708,589.948546852708,0.012249473986157167,2.051569595800364,2.455962586781527,-0.03206678964864372,0.2033074620220496,0.16069097194356377,11.83675,576
per_scenario,orfs_gcd,rand_read_4k,tile_max,True,58.99543214147478,589.9543214147478,0.012249516891297163,1.6628514451150664,1.9906226706996968,-0.025990959464802014,0.2033074620220496,0.16069103161684528,9.594,576
per_scenario,orfs_gcd,gc_compact,tile_max,True,58.995320051238735,589.9532005123874,0.012249505056532772,1.727637767484369,2.068179277074036,-0.0270035980901284,0.2033074620220496,0.16069101225560192,9.96779,576
per_scenario,orfs_gcd,ecc_recover,tile_max,True,58.98645949080632,589.8645949080632,0.012249666210896959,0.8638191738116914,1.034089900767496,-0.013501767209375685,0.2033074620220496,0.1606912862404943,4.9839,576
per_scenario,orfs_ssd_ctrl_cfg_small,idle,tile_max,True,10.42734055923653,104.2734055923653,-0.22008552583603258,0.11031780924185355,0.1362782622013821,-0.03878476426649866,0.5642163895162777,0.573805361130846,0.64604,576
per_scenario,orfs_ssd_ctrl_cfg_small,seq_read,tile_max,True,113.47872795910392,1134.7872795910391,-0.9676896703518307,0.30883984059842867,0.36322581360179457,-0.10774242161849153,-0.20124541033821752,-0.17641995866467838,1.4612399999999999,576
per_scenario,orfs_ssd_ctrl_cfg_small,seq_write,tile_max,True,285.1874361545712,2851.8743615457115,-0.94676736473175,0.3773119756298348,0.4457466895811825,-0.12970461918054438,-0.20050855898577233,-0.17752963416336326,1.8028300000000002,576
per_scenario,orfs_ssd_ctrl_cfg_small,rand_read_4k,tile_max,True,218.27724135451547,2182.7724135451544,-1.0023010600748878,0.31311244344196254,0.36640643386934635,-0.11262321883544428,-0.19249101094098486,-0.16789501190579334,1.4612399999999999,576
per_scenario,orfs_ssd_ctrl_cfg_small,gc_compact,tile_max,True,320.8049277813029,3208.049277813029,-0.9230957370887318,0.31299713862637646,0.37307637838227886,-0.10582160554208536,-0.20419511091947928,-0.18306931189429362,1.5181699999999998,576
per_scenario,orfs_ssd_ctrl_cfg_small,ecc_recover,tile_max,True,110.44082391518371,1104.408239151837,-2.5941515539636293,0.20926579136644258,0.25441561491503784,-0.09965128161936868,0.314838261817479,0.3710876298981062,0.99359,576
per_scenario,orfs_ssd_ctrl_cfg_run_01_p12,idle,tile_max,False,10.631019479066675,106.31019479066674,-0.06826875774192498,0.10906206622996047,0.13383841374239622,-0.035613880124463405,0.5614934062095472,0.5753548540745901,0.64,576
per_scenario,orfs_ssd_ctrl_cfg_run_01_p12,seq_read,tile_max,False,133.29918507549053,1332.9918507549053,-0.21011535798536163,0.1093143308450291,0.13315814391311256,-0.039988754781008155,0.5836053799627271,0.6219771429095691,0.64,576
per_scenario,orfs_ssd_ctrl_cfg_run_01_p12,seq_write,tile_max,False,403.56629966825153,4035.6629966825153,-0.22108363964798716,0.10796376908713452,0.13284474372091162,-0.039961378543798214,0.60064650250915,0.632478974495583,0.64,576
per_scenario,orfs_ssd_ctrl_cfg_run_01_p12,rand_read_4k,tile_max,False,256.8071394455539,2568.071394455539,-0.3280402484257483,0.11518253686258162,0.1394954252460686,-0.04421503474741814,0.5616659432784799,0.602269464309328,0.64,576
per_scenario,orfs_ssd_ctrl_cfg_run_01_p12,gc_compact,tile_max,False,389.39627904313585,3893.9627904313584,-0.08746088444745559,0.10270932244977704,0.12603767198598978,-0.03551331139228775,0.62986897910763,0.6460696703147665,0.64,576
per_scenario,orfs_ssd_ctrl_cfg_run_01_p12,ecc_recover,tile_max,False,168.11830858247444,1681.1830858247445,-0.3548717956241212,0.12103818630021028,0.14506771010606162,-0.047042098268999674,0.5316255315747409,0.564466454557903,0.64,576
per_scenario,orfs_ssd_ctrl_cfg_run_02_p24,idle,tile_max,False,10.80752335019509,108.0752335019509,-0.08558624561005135,0.10825351096295818,0.13296452439013332,-0.03508021709919643,0.5652838610364538,0.5740865115938842,0.64039,576
per_scenario,orfs_ssd_ctrl_cfg_run_02_p24,seq_read,tile_max,False,107.86049949987039,1078.604994998704,-0.9519310091533477,0.14606119798206368,0.1819384938944893,-0.06038859906241682,0.4787616852983627,0.5231631560010089,0.91213,576
per_scenario,orfs_ssd_ctrl_cfg_run_02_p24,seq_write,tile_max,False,311.93800021644927,3119.380002164493,-0.9777983788027531,0.16117422706824594,0.20190553086240476,-0.0649807836050404,0.4259950261838316,0.47234659803745427,1.06146,576
per_scenario,orfs_ssd_ctrl_cfg_run_02_p24,rand_read_4k,tile_max,False,207.6560672673749,2076.560672673749,-1.1182139989865325,0.15499872848257623,0.1895297023047465,-0.06577036718291199,0.4615333535215236,0.5051782367474689,0.91213,576
per_scenario,orfs_ssd_ctrl_cfg_run_02_p24,gc_compact,tile_max,False,312.80912840858076,3128.0912840858077,-0.7749852736968834,0.13741861568476282,0.176098691484407,-0.0552297964590832,0.5110583261304117,0.5393939825778515,0.93702,576
per_scenario,orfs_ssd_ctrl_cfg_run_02_p24,ecc_recover,tile_max,False,151.43534656985156,1514.3534656985157,-0.8689403013294132,0.1346465289739808,0.16095650457745592,-0.05787399247294691,0.5260069888311336,0.5614965560008655,0.6671900000000001,576
per_scenario,orfs_ssd_ctrl_cfg_run_03_p24,idle,tile_max,False,11.131837559367293,111.31837559367293,-0.30613446077585516,0.12012032087572924,0.14571256779901617,-0.044430378797007855,0.5356130192664372,0.5308789948552363,0.64049,576
per_scenario,orfs_ssd_ctrl_cfg_run_03_p24,seq_read,tile_max,False,110.21623191156266,1102.1623191156266,-1.0738141191669208,0.1356961851386689,0.17238733489479507,-0.06001179500486778,0.5684729611397861,0.5838335712340129,1.01867,576
per_scenario,orfs_ssd_ctrl_cfg_run_03_p24,seq_write,tile_max,False,318.3211399431092,3183.211399431092,-1.2124883208283266,0.1504806330456131,0.19165510768239627,-0.06559238367354482,0.5194222939172304,0.5286144057545923,1.1664100000000002,576
per_scenario,orfs_ssd_ctrl_cfg_run_03_p24,rand_read_4k,tile_max,False,212.4516391803858,2124.516391803858,-1.2162453615792717,0.14187255552256914,0.17820888866216084,-0.0644464309855483,0.5542519967155507,0.5765256470166653,1.01867,576
per_scenario,orfs_ssd_ctrl_cfg_run_03_p24,gc_compact,tile_max,False,319.798621760793,3197.9862176079305,-1.0307794626494369,0.13487451625630484,0.172364228343804,-0.0580327033387842,0.5690591668665249,0.5704438248529685,1.04329,576
per_scenario,orfs_ssd_ctrl_cfg_run_03_p24,ecc_recover,tile_max,False,154.82219994110247,1548.2219994110246,-0.8325884731745354,0.12833112597550808,0.15530085614322525,-0.05642156702635484,0.563846190725417,0.5952422936014894,0.7149800000000001,576
per_scenario,orfs_ssd_ctrl_cfg_run_04_p16,idle,tile_max,False,10.745862774822935,107.45862774822936,-0.06915639610574242,0.10876606687074093,0.13345641441243167,-0.035114874321535185,0.5613646383874565,0.5733558896076669,0.64003,576
per_scenario,orfs_ssd_ctrl_cfg_run_04_p16,seq_read,tile_max,False,126.69497060712897,1266.9497060712897,-0.3758970902125345,0.11355317934242291,0.14090130286952934,-0.04425837433383476,0.5754076370009348,0.6169753043891426,0.6405,576
per_scenario,orfs_ssd_ctrl_cfg_run_04_p16,seq_write,tile_max,False,378.31883531985005,3783.1883531985004,-0.41668736048630883,0.11486868304738668,0.14440806291895072,-0.04527227168875352,0.5816770324900321,0.6173076708099224,0.68574,576
per_scenario,orfs_ssd_ctrl_cfg_run_04_p16,rand_read_4k,tile_max,False,243.9960233331918,2439.960233331918,-0.5114769579004761,0.12096160709721979,0.14768037900061426,-0.04874955136557678,0.553044795291374,0.5971108845687706,0.6405,576
per_scenario,orfs_ssd_ctrl_cfg_run_04_p16,gc_compact,tile_max,False,369.4096196212975,3694.096196212975,-0.23728234746120314,0.10542232952674717,0.13372608475010264,-0.03962937541136642,0.6249858047056436,0.6408582606466747,0.64372,576
per_scenario,orfs_ssd_ctrl_cfg_run_04_p16,ecc_recover,tile_max,False,164.57730652382455,1645.7730652382454,-0.4548521868389188,0.122563098040112,0.14747746131347342,-0.04915943527177748,0.5350728734116134,0.5673875168850635,0.64026,576
per_scenario,orfs_ssd_ctrl_cfg_mid,idle,tile_max,True,45.89793873494428,458.97938734944285,-0.012661039323597079,0.10164654472908975,0.123706362876953,-0.03237353651855556,0.6182687758931302,0.628469174870603,0.64094,576
per_scenario,orfs_ssd_ctrl_cfg_mid,seq_read,tile_max,True,437.55338148801184,4375.533814880118,-0.5925420359098541,0.28034496572397594,0.3352909360892971,-0.0877534625697814,-0.06756587192481205,-0.08916872638166054,1.27461,576
per_scenario,orfs_ssd_ctrl_cfg_mid,seq_write,tile_max,True,1140.902562680842,11409.02562680842,-0.6003945049766284,0.34720464465392387,0.4146893265923489,-0.10857689158308949,-0.07965875371417512,-0.10021403250330035,1.57257,576
per_scenario,orfs_ssd_ctrl_cfg_mid,rand_read_4k,tile_max,True,785.6191092579422,7856.191092579422,-0.5822491608391125,0.27898870713997287,0.3342056579585847,-0.08770199004920864,-0.04905066781079475,-0.07192707105067342,1.27461,576
per_scenario,orfs_ssd_ctrl_cfg_mid,gc_compact,tile_max,True,1379.502039864956,13795.02039864956,-0.6120126891268671,0.293928602315089,0.3504774204158833,-0.0917796621426165,-0.10649252540295931,-0.11731302548219813,1.32427,576
per_scenario,orfs_ssd_ctrl_cfg_mid,ecc_recover,tile_max,True,326.92837023068074,3269.2837023068073,-1.531346853136212,0.16146814532764983,0.21153777698936327,-0.07797193741151015,0.5407669207861542,0.5118160355212119,1.0729,576
null_dbump,orfs_ibex,seq_write/scale,tile_mean,True,,,,,,,-0.32079216553875045,-0.35631174421946493,5.964354144736844,576
null_current,orfs_ibex,seq_write/scale,tile_mean,True,,,,,,,0.4688913151215693,0.49679154592674685,5.964354144736844,576
null_dbump,orfs_ibex,seq_write/scale,tile_max,True,,,,,,,-0.3463477170109597,-0.3755527816835946,6.9664980000000005,576
null_current,orfs_ibex,seq_write/scale,tile_max,True,,,,,,,0.48515788125771264,0.5062477751070815,6.9664980000000005,576
null_dbump,orfs_gcd,seq_write/scale,tile_mean,True,,,,,,,0.07550597064069568,0.09663369244611916,9.591748157894738,576
null_current,orfs_gcd,seq_write/scale,tile_mean,True,,,,,,,0.15273148160323916,0.15368507924597374,9.591748157894738,576
null_dbump,orfs_gcd,seq_write/scale,tile_max,True,,,,,,,0.039889647402531904,0.053231709587908155,9.593997368421054,576
null_current,orfs_gcd,seq_write/scale,tile_max,True,,,,,,,0.17726827785506502,0.1870566009208104,9.593997368421054,576
null_dbump,orfs_ssd_ctrl_cfg_small,seq_write/scale,tile_mean,True,,,,,,,-0.416024745542927,-0.37931404019773096,1.1723366513157893,576
null_current,orfs_ssd_ctrl_cfg_small,seq_write/scale,tile_mean,True,,,,,,,0.5695525734161113,0.6835427374454508,1.1723366513157893,576
null_dbump,orfs_ssd_ctrl_cfg_small,seq_write/scale,tile_max,True,,,,,,,-0.38693206810124536,-0.35060249989366726,1.461241157894737,576
null_current,orfs_ssd_ctrl_cfg_small,seq_write/scale,tile_max,True,,,,,,,0.5666377315645138,0.6704083626901096,1.461241157894737,576
null_dbump,orfs_ssd_ctrl_cfg_run_01_p12,seq_write/scale,tile_mean,False,,,,,,,0.6874475772113459,0.693296578753801,0.5025263157894738,576
null_current,orfs_ssd_ctrl_cfg_run_01_p12,seq_write/scale,tile_mean,False,,,,,,,-0.4506061712750177,-0.4999891707299568,0.5025263157894738,576
null_dbump,orfs_ssd_ctrl_cfg_run_01_p12,seq_write/scale,tile_max,False,,,,,,,0.6822702730599464,0.6880337089210646,0.5187368421052633,576
null_current,orfs_ssd_ctrl_cfg_run_01_p12,seq_write/scale,tile_max,False,,,,,,,-0.4284440049525056,-0.4732855904200735,0.5187368421052633,576
null_dbump,orfs_ssd_ctrl_cfg_run_02_p24,seq_write/scale,tile_mean,False,,,,,,,0.4559349037466207,0.4933579599229965,0.7116846578947369,576
null_current,orfs_ssd_ctrl_cfg_run_02_p24,seq_write/scale,tile_mean,False,,,,,,,-0.10502246306464531,-0.08343930185593827,0.7116846578947369,576
null_dbump,orfs_ssd_ctrl_cfg_run_02_p24,seq_write/scale,tile_max,False,,,,,,,0.3754964634631628,0.4247202973826599,0.8603412631578948,576
null_current,orfs_ssd_ctrl_cfg_run_02_p24,seq_write/scale,tile_max,False,,,,,,,-0.024189499834373008,0.00990270860228451,0.8603412631578948,576
null_dbump,orfs_ssd_ctrl_cfg_run_03_p24,seq_write/scale,tile_mean,False,,,,,,,0.556304472375358,0.5489350152742409,0.7421898289473685,576
null_current,orfs_ssd_ctrl_cfg_run_03_p24,seq_write/scale,tile_mean,False,,,,,,,-0.15057059877882456,-0.10616856688661666,0.7421898289473685,576
null_dbump,orfs_ssd_ctrl_cfg_run_03_p24,seq_write/scale,tile_max,False,,,,,,,0.47594478451555866,0.47373701505948024,0.9454060000000002,576
null_current,orfs_ssd_ctrl_cfg_run_03_p24,seq_write/scale,tile_max,False,,,,,,,-0.06368849856126921,-0.008789034822980081,0.9454060000000002,576
null_dbump,orfs_ssd_ctrl_cfg_run_04_p16,seq_write/scale,tile_mean,False,,,,,,,0.6506958064676444,0.6600717978199966,0.5175119342105263,576
null_current,orfs_ssd_ctrl_cfg_run_04_p16,seq_write/scale,tile_mean,False,,,,,,,-0.3602901829346677,-0.39694035238285524,0.5175119342105263,576
null_dbump,orfs_ssd_ctrl_cfg_run_04_p16,seq_write/scale,tile_max,False,,,,,,,0.6303448415763097,0.6429875467721378,0.5558103157894738,576
null_current,orfs_ssd_ctrl_cfg_run_04_p16,seq_write/scale,tile_max,False,,,,,,,-0.3182386806346714,-0.3459760509371713,0.5558103157894738,576
null_dbump,orfs_ssd_ctrl_cfg_mid,seq_write/scale,tile_mean,True,,,,,,,-0.3148271863769955,-0.30630952004914014,0.8627525789473685,576
null_current,orfs_ssd_ctrl_cfg_mid,seq_write/scale,tile_mean,True,,,,,,,0.5363222658853666,0.6833246660295857,0.8627525789473685,576
null_dbump,orfs_ssd_ctrl_cfg_mid,seq_write/scale,tile_max,True,,,,,,,-0.2927740869454955,-0.27057862878019756,1.2746093684210527,576
null_current,orfs_ssd_ctrl_cfg_mid,seq_write/scale,tile_max,True,,,,,,,0.4732915683694511,0.6285703019746376,1.2746093684210527,576
uniform_supply,orfs_ibex,seq_write/scale,tile_mean,True,0.04462622183099262,0.44626221830992624,0.21232889956023504,0.5734979427533097,0.7765603314033981,-0.058757461748370786,0.47450146487227257,0.5018099691628828,5.964354144736844,576
uniform_supply,orfs_ibex,seq_write/scale,tile_max,True,0.03709102284713495,0.37091022847134947,0.2247512214017927,0.6776923603766479,0.923194318358938,-0.06787778576193514,0.49099346080685824,0.5113187552441305,6.9664980000000005,576
uniform_supply,orfs_gcd,seq_write/scale,tile_mean,True,0.006267015479328209,0.06267015479328208,-1.1904919971062928,2.3035826345509296,2.8573573280050932,-1.1164258261222333,0.18669080130187124,0.15912191814086435,9.591748157894738,576
uniform_supply,orfs_gcd,seq_write/scale,tile_max,True,0.005715240330108673,0.05715240330108673,-1.2518789167851798,2.416248125280531,3.005645448794423,-1.1927773350891981,0.21688749931261841,0.19366270136550917,9.593997368421054,576
uniform_supply,orfs_ssd_ctrl_cfg_small,seq_write/scale,tile_mean,True,0.14076179704794892,1.4076179704794891,0.46563122031857906,0.11745249194199932,0.15392280453438342,-0.006850195166300596,0.5752362925843046,0.6881096968644773,1.1723366513157893,576
uniform_supply,orfs_ssd_ctrl_cfg_small,seq_write/scale,tile_max,True,0.1132916137134168,1.132916137134168,0.4429186918830017,0.14806629444156102,0.19326691357663242,-0.010596922015431219,0.5718607617503211,0.6748054755680984,1.461241157894737,576
uniform_supply,orfs_ssd_ctrl_cfg_run_01_p12,seq_write/scale,tile_mean,False,0.24464452514089083,2.446445251408908,-2.1920765260183876,0.13786902553161448,0.17572484071149302,-0.05643433037606551,-0.45927139239411435,-0.505056342980282,0.5025263157894738,576
uniform_supply,orfs_ssd_ctrl_cfg_run_01_p12,seq_write/scale,tile_max,False,0.22623625383207122,2.262362538320712,-2.4244702347353773,0.14125005443494118,0.1803165073951393,-0.058213630793884315,-0.4367498072673132,-0.47806642137882416,0.5187368421052633,576
uniform_supply,orfs_ssd_ctrl_cfg_run_02_p24,seq_write/scale,tile_mean,False,0.17286852888492343,1.7286852888492343,-2.1028603240409205,0.14955777097835768,0.18398808699611213,-0.0556619854446383,-0.11014709564318027,-0.08581203475345678,0.7116846578947369,576
uniform_supply,orfs_ssd_ctrl_cfg_run_02_p24,seq_write/scale,tile_max,False,0.15559338664581884,1.5559338664581883,-1.8152387625751083,0.15841750016592968,0.19524590964277438,-0.05751565752535301,-0.0276538816962171,0.008704020646516354,0.8603412631578948,576
uniform_supply,orfs_ssd_ctrl_cfg_run_03_p24,seq_write/scale,tile_mean,False,0.1755581368231406,1.7555813682314059,-2.6315710572213513,0.14825358626863802,0.18231129078330344,-0.05845001750198995,-0.1590462097058605,-0.10904321004642031,0.7421898289473685,576
uniform_supply,orfs_ssd_ctrl_cfg_run_03_p24,seq_write/scale,tile_max,False,0.15823147962519446,1.5823147962519446,-2.3859569310050883,0.15708787328384913,0.19217095090657407,-0.06062072035033496,-0.0714495332756383,-0.010948338986152897,0.9454060000000002,576
uniform_supply,orfs_ssd_ctrl_cfg_run_04_p16,seq_write/scale,tile_mean,False,0.22177021474911612,2.217702147491161,-2.320572660460907,0.1401261638439847,0.17650332515127862,-0.05597359215543156,-0.3682189233466968,-0.4014537740097186,0.5175119342105263,576
uniform_supply,orfs_ssd_ctrl_cfg_run_04_p16,seq_write/scale,tile_max,False,0.20378121639181157,2.0378121639181157,-2.444694646793598,0.14569528972907844,0.18251430868659807,-0.057797001856359574,-0.3253790704865123,-0.3499244022643879,0.5558103157894738,576
uniform_supply,orfs_ssd_ctrl_cfg_mid,seq_write/scale,tile_mean,True,0.5566263225135542,5.5662632251355415,0.4620457505912441,0.13621800571283343,0.15838218588848255,0.006830996484283337,0.539532926164948,0.6854617317827411,0.8627525789473685,576
uniform_supply,orfs_ssd_ctrl_cfg_mid,seq_write/scale,tile_max,True,0.436285828794378,4.36285828794378,0.3982210144858288,0.17470828189919288,0.20610805289557746,0.0005989399035784741,0.47653250470907804,0.6310789854177984,1.2746093684210527,576
ratio_sweep,orfs_ibex,bump_ratio=0.1,tile_mean,True,302.856461704841,30.285646170484103,-0.28177108652089733,0.7161008537871154,0.9906220294044674,-0.09652924397260516,-0.08663796989478419,-0.16522624502471497,5.964354144736844,576
ratio_sweep,orfs_ibex,bump_ratio=0.1,tile_max,True,252.52381171205377,25.25238117120538,-0.29684171478605825,0.8648825618457984,1.1940322682149023,-0.11961673730902943,-0.11305226487394134,-0.18348878632354748,6.9664980000000005,576
ratio_sweep,orfs_ibex,bump_ratio=0.5,tile_mean,True,188.7026476636355,94.35132383181775,-0.6956879439335022,0.8212342902158993,1.139398681049787,-0.2514561902307297,-0.11958350209763528,-0.20764463824847657,5.964354144736844,576
ratio_sweep,orfs_ibex,bump_ratio=0.5,tile_max,True,157.58788978602726,78.79394489301363,-0.7216123534019308,0.9919941774573218,1.3757523484078755,-0.30820881630769015,-0.1456269033067347,-0.22659291888491295,6.9664980000000005,576
ratio_sweep,orfs_ibex,bump_ratio=1,tile_mean,True,175.65874605496955,175.65874605496955,-0.8100969748334312,0.8463287034715502,1.1772092541154415,-0.2956407359756205,-0.1247837212409594,-0.21550069333901065,5.964354144736844,576
ratio_sweep,orfs_ibex,bump_ratio=1,tile_max,True,146.75491866109127,146.75491866109127,-0.8384189980336259,1.022156681308569,1.4216569986081262,-0.3618248885382377,-0.15084298732823,-0.23460792943191178,6.9664980000000005,576
ratio_sweep,orfs_ibex,bump_ratio=2,tile_mean,True,169.35367409197167,338.70734818394334,-0.8782673573356394,0.8607149734643383,1.1991719232683722,-0.3222002149065427,-0.12801774772701016,-0.21973599276269484,5.964354144736844,576
ratio_sweep,orfs_ibex,bump_ratio=2,tile_max,True,141.52215276305992,283.04430552611984,-0.9079396590152342,1.03900116115273,1.4482878770873497,-0.39403226849939105,-0.15400731869993242,-0.23894004396597088,6.9664980000000005,576
ratio_sweep,orfs_ibex,bump_ratio=5,tile_mean,True,165.65491485068995,828.2745742534497,-0.9233756505495876,0.8698933931542769,1.2134860916114207,-0.33986680377780587,-0.13000152258740175,-0.22237771267914463,5.964354144736844,576
ratio_sweep,orfs_ibex,bump_ratio=5,tile_max,True,138.45404449190497,692.2702224595248,-0.9539149180648581,1.0498448292942346,1.4656335639247684,-0.41544849630731956,-0.15596783210811035,-0.24164850565816523,6.9664980000000005,576
ratio_sweep,orfs_ibex,bump_ratio=10,tile_mean,True,164.4374964981951,1644.3749649819508,-0.9391815950311926,0.8730474383630495,1.2184619916255308,-0.34607442245804476,-0.13071809155484154,-0.22327444502094465,5.964354144736844,576
ratio_sweep,orfs_ibex,bump_ratio=10,tile_max,True,137.4445243828724,1374.445243828724,-0.97002039390057,1.0536232751932786,1.4716615346617714,-0.4229725050873023,-0.15664512492301697,-0.2425694375929114,6.9664980000000005,576
ratio_sweep,orfs_ibex,bump_ratio=50,tile_mean,True,163.4694354021736,8173.471770108679,-0.9521179994383198,0.8756027635517446,1.2225194549002678,-0.35116173244696197,-0.13136273047345318,-0.22399733754918905,5.964354144736844,576
ratio_sweep,orfs_ibex,bump_ratio=50,tile_max,True,136.64191005907358,6832.095502953679,-0.9832005156946704,1.0566923476910564,1.4765762918312024,-0.42913824822227337,-0.1572259666194648,-0.243312548793006,6.9664980000000005,576
ratio_sweep,orfs_ibex,bump_ratio=200,tile_mean,True,163.28851696681699,32657.703393363397,-0.9545730491064293,0.8760902817468491,1.2232879542756172,-0.35212787381759947,-0.13139224345725872,-0.22413340541958127,5.964354144736844,576
ratio_sweep,orfs_ibex,bump_ratio=200,tile_max,True,136.49192522398423,27298.385044796843,-0.9857016824686089,1.0572707489213835,1.477507110432652,-0.43030916095296334,-0.15727149204972696,-0.24345250097459806,6.9664980000000005,576
ratio_sweep,orfs_ibex,bump_ratio=1000,tile_mean,True,163.24030399433704,163240.30399433704,-0.9552293178984161,0.8762212988323169,1.2234933030427133,-0.35238617360726104,-0.1314164503833375,-0.22416971758426435,5.964354144736844,576
ratio_sweep,orfs_ibex,bump_ratio=1000,tile_max,True,136.45195649994275,136451.95649994275,-0.9863702720181331,1.057425146235454,1.4777558292315802,-0.43062220490691977,-0.15729921546691414,-0.24348985418723945,6.9664980000000005,576
ratio_sweep,orfs_gcd,bump_ratio=0.1,tile_mean,True,368.96650493098804,36.896650493098804,0.020829565336291322,1.6139985249346263,1.9103936466756621,0.006423949308084663,0.23347992939638662,0.18153793901072213,9.591748157894738,576
ratio_sweep,orfs_gcd,bump_ratio=0.1,tile_max,True,338.73427615888926,33.87342761588893,0.018478061611771457,1.6558451277782316,1.9843361179341057,0.0051863160465022914,0.2033074620220496,0.16069097194357168,9.593997368421054,576
ratio_sweep,orfs_gcd,bump_ratio=0.5,tile_mean,True,151.40498379694324,75.70249189847162,0.032901353447529536,1.5999988385154802,1.898580897782621,0.0010499963007197558,0.23347992939638662,0.1815379390107149,9.591748157894738,576
ratio_sweep,orfs_gcd,bump_ratio=0.5,tile_max,True,139.07185438585697,69.53592719292848,0.0253317697992137,1.6558360877807423,1.9773959341104885,-0.0032606410709261242,0.2033074620220496,0.16069097194356508,9.593997368421054,576
ratio_sweep,orfs_gcd,bump_ratio=1,tile_mean,True,124.32876329466231,124.32876329466231,0.03201483558636775,1.5981504114621907,1.8994508919338902,-0.005305848423012505,0.23347992939638662,0.18153793901071413,9.591748157894738,576
ratio_sweep,orfs_gcd,bump_ratio=1,tile_max,True,114.22330195241848,114.22330195241848,0.021967613428772625,1.6577928507580817,1.9808055757604761,-0.011138909496128602,0.2033074620220496,0.16069097194356435,9.593997368421054,576
ratio_sweep,orfs_gcd,bump_ratio=2,tile_mean,True,110.82360780561169,221.64721561122337,0.02974242339047861,1.5974960010723145,1.9016791312065469,-0.011001198357836226,0.23347992939638662,0.18153793901071366,9.591748157894738,576
ratio_sweep,orfs_gcd,bump_ratio=2,tile_max,True,101.8293139003469,203.6586278006938,0.017835073939584833,1.6601853155909219,1.984985973388729,-0.017992613354211217,0.2033074620220496,0.16069097194356396,9.593997368421054,576
ratio_sweep,orfs_gcd,bump_ratio=5,tile_mean,True,102.73607144046173,513.6803572023086,0.027243948494320325,1.5977410126749423,1.9041260292741033,-0.01582512735370952,0.23347992939638662,0.18153793901071386,9.591748157894738,576
ratio_sweep,orfs_gcd,bump_ratio=5,tile_max,True,94.4072252116846,472.036126058423,0.013900844952440927,1.6620248199753804,1.9889575999010334,-0.023717748244540517,0.2033074620220496,0.16069097194356413,9.593997368421054,576
ratio_sweep,orfs_gcd,bump_ratio=10,tile_mean,True,100.04345158823287,1000.4345158823287,0.026140806434190922,1.5979654717103469,1.905205398725057,-0.01775281278810146,0.23347992939638662,0.18153793901071336,9.591748157894738,576
ratio_sweep,orfs_gcd,bump_ratio=10,tile_max,True,91.93616227944024,919.3616227944024,0.012249473986156834,1.662851146069769,1.990622307180817,-0.025990976873112654,0.2033074620220496,0.1606909719435637,9.593997368421054,576
ratio_sweep,orfs_gcd,bump_ratio=50,tile_mean,True,97.89067141983952,4894.533570991976,0.02513934855924216,1.5982388142120008,1.9061847459967358,-0.019432315488484078,0.23347992939638662,0.18153793901071363,9.591748157894738,576
ratio_sweep,orfs_gcd,bump_ratio=50,tile_max,True,89.9605222084979,4498.026110424896,0.010780196691937083,1.6636204904315497,1.9921022807361612,-0.02796591648068785,0.2033074620220496,0.16069097194356383,9.593997368421054,576
ratio_sweep,orfs_gcd,bump_ratio=200,tile_mean,True,97.48716240584689,19497.432481169377,0.02493876837527831,1.5982993560903205,1.9063808372131887,-0.019761869934951323,0.23347992939638662,0.18153793901071313,9.591748157894738,576
ratio_sweep,orfs_gcd,bump_ratio=200,tile_max,True,89.59021597141576,17918.043194283153,0.010488812383866009,1.663769352804983,1.992395655678443,-0.028352874736851753,0.2033074620220496,0.16069097194356347,9.593997368421054,576
ratio_sweep,orfs_gcd,bump_ratio=1000,tile_mean,True,97.37956752501017,97379.56752501018,0.024884567099527133,1.5983155755210687,1.9064338220074721,-0.019850562949127255,0.23347992939638662,0.18153793901071386,9.591748157894738,576
ratio_sweep,orfs_gcd,bump_ratio=1000,tile_max,True,89.49147456230153,89491.47456230153,0.010410226362112751,1.663810480856012,1.9924747711759097,-0.028456986324238893,0.2033074620220496,0.1606909719435641,9.593997368421054,576
ratio_sweep,orfs_ssd_ctrl_cfg_small,bump_ratio=0.1,tile_mean,True,728.7140168736568,72.87140168736568,-0.4626657123607254,0.21075171255487496,0.2546566196261942,-0.03853189081266443,-0.22777851446841627,-0.20629343865935548,1.1723366513157893,576
ratio_sweep,orfs_ssd_ctrl_cfg_small,bump_ratio=0.1,tile_max,True,581.5542507991559,58.15542507991559,-0.4439104361917485,0.25766011350130974,0.31114895408826165,-0.0459454979534543,-0.20078205645610128,-0.17633147409164657,1.461241157894737,576
ratio_sweep,orfs_ssd_ctrl_cfg_small,bump_ratio=0.5,tile_mean,True,532.8529825662795,266.42649128313974,-0.8210394527182074,0.24032777433683208,0.28414636647175007,-0.07273954525192808,-0.22627263054637467,-0.2050050891119318,1.1723366513157893,576
ratio_sweep,orfs_ssd_ctrl_cfg_small,bump_ratio=0.5,tile_max,True,424.2556885968926,212.1278442984463,-0.8008210540417502,0.29417289281758713,0.34748294814478103,-0.0877982402993859,-0.19919425780273473,-0.17504969477816512,1.461241157894737,576
ratio_sweep,orfs_ssd_ctrl_cfg_small,bump_ratio=1,tile_mean,True,510.0486043966989,510.0486043966989,-0.8988107514397963,0.24589425197010187,0.2901504647210684,-0.08034990162713755,-0.22589904022074087,-0.20491510249670764,1.1723366513157893,576
ratio_sweep,orfs_ssd_ctrl_cfg_small,bump_ratio=1,tile_max,True,405.9011862589836,405.9011862589836,-0.878846504657181,0.3010717602538724,0.3549309474351284,-0.09714985391279565,-0.1988216406545469,-0.17494422464593168,1.461241157894737,576
ratio_sweep,orfs_ssd_ctrl_cfg_small,bump_ratio=2,tile_mean,True,498.8097727512404,997.6195455024808,-0.942760553766564,0.24893912891896464,0.29348916177642337,-0.08467197042344812,-0.2258803905314034,-0.2049130019737203,1.1723366513157893,576
ratio_sweep,orfs_ssd_ctrl_cfg_small,bump_ratio=2,tile_max,True,396.8477620487379,793.6955240974758,-0.9230050167313864,0.3048235247351143,0.35907769310209314,-0.1024652554949479,-0.1987752047965953,-0.17492704892378524,1.461241157894737,576
ratio_sweep,orfs_ssd_ctrl_cfg_small,bump_ratio=5,tile_mean,True,492.0986985000371,2460.4934925001853,-0.9711487666989858,0.2508679135142969,0.2956256620952255,-0.0874708220475964,-0.22583913515802054,-0.20493785308555384,1.1723366513157893,576
ratio_sweep,orfs_ssd_ctrl_cfg_small,bump_ratio=5,tile_max,True,391.4384392492795,1957.1921962463975,-0.9515492767826648,0.3072061156860345,0.36173287378757435,-0.10590878606369306,-0.1987230861189755,-0.17493826720387826,1.461241157894737,576
ratio_sweep,orfs_ssd_ctrl_cfg_small,bump_ratio=10,tile_mean,True,489.8625854708021,4898.6258547080215,-0.9810039947651346,0.2515316440711893,0.2963637661425329,-0.08844364626898618,-0.22578010920523528,-0.20495245057907024,1.1723366513157893,576
ratio_sweep,orfs_ssd_ctrl_cfg_small,bump_ratio=10,tile_max,True,389.6354263216168,3896.354263216168,-0.9614620582037043,0.30803037279908224,0.3626504107009693,-0.10710591084135951,-0.1986461639742957,-0.17494716696903018,1.461241157894737,576
ratio_sweep,orfs_ssd_ctrl_cfg_small,bump_ratio=50,tile_mean,True,488.0724922182745,24403.624610913725,-0.9890453291982664,0.25207005738771077,0.2969646600872,-0.08923783554188333,-0.22580993614946188,-0.20496695691872224,1.1723366513157893,576
ratio_sweep,orfs_ssd_ctrl_cfg_small,bump_ratio=50,tile_max,True,388.1917889274934,19409.58944637467,-0.9695515026789656,0.30870154365484176,0.3633974610573267,-0.10808328836344765,-0.19869307078415346,-0.1749565817814016,1.461241157894737,576
ratio_sweep,orfs_ssd_ctrl_cfg_small,bump_ratio=200,tile_mean,True,487.7366448097191,97547.32896194383,-0.9905694433736669,0.252171788128737,0.2970784134972899,-0.0893884029757214,-0.22580679647112223,-0.20496998430461547,1.1723366513157893,576
ratio_sweep,orfs_ssd_ctrl_cfg_small,bump_ratio=200,tile_max,True,387.9209149164114,77584.18298328228,-0.971084844967141,0.3088283544949807,0.3635388902824794,-0.1082685928730708,-0.1986936987200284,-0.1749585955870368,1.461241157894737,576
ratio_sweep,orfs_ssd_ctrl_cfg_small,bump_ratio=1000,tile_mean,True,487.647071872495,487647.071872495,-0.99097677118097,0.2521989591567063,0.29710880733995576,-0.0894286451005909,-0.2258243786698242,-0.2049708088190544,1.1723366513157893,576
ratio_sweep,orfs_ssd_ctrl_cfg_small,bump_ratio=1000,tile_max,True,387.8486693915009,387848.6693915009,-0.9714946447487289,0.30886222389472934,0.36357667922283615,-0.10831811953627268,-0.19871799983838853,-0.17495914648539923,1.461241157894737,576
ratio_sweep,orfs_ssd_ctrl_cfg_run_01_p12,bump_ratio=0.1,tile_mean,False,718.6849630041959,71.8684963004196,0.18913426133082611,0.0740407205541027,0.08856680671121338,-0.014894678084512702,0.5801656748415492,0.6197051961597692,0.5025263157894738,576
ratio_sweep,orfs_ssd_ctrl_cfg_run_01_p12,bump_ratio=0.1,tile_max,False,673.9794443067794,67.39794443067795,0.11333524969438935,0.07613016379517065,0.09175262764467178,-0.017483145076125275,0.583964758988943,0.6220354585309567,0.5187368421052633,576
ratio_sweep,orfs_ssd_ctrl_cfg_run_01_p12,bump_ratio=0.5,tile_mean,False,611.737243174234,305.868621587117,-0.035830878239626385,0.08244392411571638,0.1001015812172945,-0.026047072759789746,0.5811604522913365,0.6212703001721508,0.5025263157894738,576
ratio_sweep,orfs_ssd_ctrl_cfg_run_01_p12,bump_ratio=0.5,tile_max,False,574.2995108335517,287.14975541677586,-0.16928619447586835,0.08616030203692408,0.10536568623038378,-0.029680748568137308,0.584808177361782,0.6234975731331387,0.5187368421052633,576
ratio_sweep,orfs_ssd_ctrl_cfg_run_01_p12,bump_ratio=1,tile_mean,False,598.8840085823778,598.8840085823778,-0.07725692226384706,0.08391563192252438,0.10208364247042481,-0.027954245711986646,0.5814017997934359,0.6215319214431474,0.5025263157894738,576
ratio_sweep,orfs_ssd_ctrl_cfg_run_01_p12,bump_ratio=1,tile_max,False,562.3266764068222,562.3266764068222,-0.22057958096698194,0.08786923285760095,0.10765193466421193,-0.03175942475862355,0.5850284275157285,0.6237432165356463,0.5187368421052633,576
ratio_sweep,orfs_ssd_ctrl_cfg_run_01_p12,bump_ratio=2,tile_mean,False,592.5097022708899,1185.0194045417797,-0.09944686444110351,0.08469563744068939,0.1031296713120951,-0.02896344394235797,0.5814311558379868,0.6216724078230721,0.5025263157894738,576
ratio_sweep,orfs_ssd_ctrl_cfg_run_01_p12,bump_ratio=2,tile_max,False,556.3898224216754,1112.7796448433508,-0.24799151261142072,0.08876505111669875,0.10885405323389039,-0.03285871285259342,0.5850299345730898,0.6238754322888445,0.5187368421052633,576
ratio_sweep,orfs_ssd_ctrl_cfg_run_01_p12,bump_ratio=5,tile_mean,False,588.7022738103259,2943.5113690516296,-0.11326172965814685,0.08518253394432977,0.10377557560378507,-0.029587768421438787,0.58159630321161,0.6217606889591397,0.5025263157894738,576
ratio_sweep,orfs_ssd_ctrl_cfg_run_01_p12,bump_ratio=5,tile_max,False,552.8439781471419,2764.2198907357097,-0.26503701530910484,0.08931329417315144,0.10959491535916274,-0.03353855333854399,0.5851915978721163,0.6239586796654681,0.5187368421052633,576
ratio_sweep,orfs_ssd_ctrl_cfg_run_01_p12,bump_ratio=10,tile_mean,False,587.4360022705672,5874.360022705672,-0.11795262583534205,0.08534653578394247,0.10399398279128673,-0.029799101538961446,0.5816000080386229,0.6217909058157145,0.5025263157894738,576
ratio_sweep,orfs_ssd_ctrl_cfg_run_01_p12,bump_ratio=10,tile_max,False,551.6647545615176,5516.647545615177,-0.27082149152348256,0.08949817353292369,0.10984519504687053,-0.033768642211845494,0.5851907501523506,0.6239872103246511,0.5187368421052633,576
ratio_sweep,orfs_ssd_ctrl_cfg_run_01_p12,bump_ratio=50,tile_mean,False,586.4240165765395,29321.20082882698,-0.12173676177996162,0.08547823116383173,0.10416983770269321,-0.029969347320891605,0.5816441519943861,0.6218153969087115,0.5025263157894738,576
ratio_sweep,orfs_ssd_ctrl_cfg_run_01_p12,bump_ratio=50,tile_max,False,550.7223549341462,27536.11774670731,-0.275486595681927,0.08964662397066943,0.11004662768626991,-0.03395398412966312,0.5852363072405011,0.6240103505810226,0.5187368421052633,576
ratio_sweep,orfs_ssd_ctrl_cfg_run_01_p12,bump_ratio=200,tile_mean,False,586.234371119713,117246.8742239426,-0.1224494158772409,0.08550297303631799,0.10420292268170953,-0.030001385863713405,0.5816606039380702,0.6218200220285086,0.5025263157894738,576
ratio_sweep,orfs_ssd_ctrl_cfg_run_01_p12,bump_ratio=200,tile_max,False,550.5457517212453,110109.15034424906,-0.27636503915556565,0.08967451268894981,0.11008451640400715,-0.033988862313507846,0.5852518801665677,0.62401472228966,0.5187368421052633,576
ratio_sweep,orfs_ssd_ctrl_cfg_run_01_p12,bump_ratio=1000,tile_mean,False,586.1838044227623,586183.8044227622,-0.12263962435627351,0.08550957348466688,0.1042117513378372,-0.03000993576041111,0.5816606039380702,0.621821257203135,0.5025263157894738,576
ratio_sweep,orfs_ssd_ctrl_cfg_run_01_p12,bump_ratio=1000,tile_max,False,550.4986626826717,550498.6626826717,-0.2765994906561433,0.08968195257805803,0.11009462647995046,-0.033998169935567174,0.5852518801665677,0.6240158898827824,0.5187368421052633,576
ratio_sweep,orfs_ssd_ctrl_cfg_run_02_p24,bump_ratio=0.1,tile_mean,False,668.7348084378916,66.87348084378917,-0.05679841113186157,0.08698785824034647,0.1073753683368774,-0.01670669535286894,0.4653499244177456,0.5131272781248429,0.7116846578947369,576
ratio_sweep,orfs_ssd_ctrl_cfg_run_02_p24,bump_ratio=0.1,tile_max,False,609.9348248949817,60.99348248949818,-0.14312231032632172,0.10061162851550191,0.12441440815881154,-0.019707038778016422,0.4154545283004928,0.4644651209945206,0.8603412631578948,576
ratio_sweep,orfs_ssd_ctrl_cfg_run_02_p24,bump_ratio=0.5,tile_mean,False,504.10897683872327,252.05448841936163,-0.6531446788884152,0.10714456136791196,0.13429629226916484,-0.03827833690981354,0.46511391481918474,0.5136658741762786,0.7116846578947369,576
ratio_sweep,orfs_ssd_ctrl_cfg_run_02_p24,bump_ratio=0.5,tile_max,False,460.40604008063474,230.20302004031737,-0.7556097514374565,0.12440835661815418,0.15418364899071058,-0.04388050738827763,0.41406547165682756,0.4639919882265987,0.8603412631578948,576
ratio_sweep,orfs_ssd_ctrl_cfg_run_02_p24,bump_ratio=1,tile_mean,False,484.41860591947994,484.41860591947994,-0.7904961383214746,0.11123112378506111,0.13976398829316414,-0.042928813450131366,0.4650953279251647,0.5138261813631476,0.7116846578947369,576
ratio_sweep,orfs_ssd_ctrl_cfg_run_02_p24,bump_ratio=1,tile_max,False,442.5360134627303,442.5360134627303,-0.8948141926004693,0.12896170059447915,0.16017976124482705,-0.04906997436562966,0.4137844076209771,0.46396822989737785,0.8603412631578948,576
ratio_sweep,orfs_ssd_ctrl_cfg_run_02_p24,bump_ratio=2,tile_mean,False,474.5651735045373,949.1303470090746,-0.8689834550216176,0.1134662332275649,0.14279444710915135,-0.045554392083726906,0.4649777155856398,0.5139197209076297,0.7116846578947369,576
ratio_sweep,orfs_ssd_ctrl_cfg_run_02_p24,bump_ratio=2,tile_max,False,433.5956549043372,867.1913098086744,-0.9741634508445864,0.13147503266756147,0.16349929377383146,-0.05199735445290807,0.4135338612619416,0.4639643913204444,0.8603412631578948,576
ratio_sweep,orfs_ssd_ctrl_cfg_run_02_p24,bump_ratio=5,tile_mean,False,468.5869894279935,2342.9349471399673,-0.9202954799754841,0.11489836716142868,0.14474135055667747,-0.04725973882878275,0.46499410470502894,0.5139814570538079,0.7116846578947369,576
ratio_sweep,orfs_ssd_ctrl_cfg_run_02_p24,bump_ratio=5,tile_max,False,428.17219010574223,2140.8609505287113,-1.0259645896897456,0.13307928011505,0.1656304770298102,-0.053897756522631256,0.41350378314014263,0.46396690298445165,0.8603412631578948,576
ratio_sweep,orfs_ssd_ctrl_cfg_run_02_p24,bump_ratio=10,tile_mean,False,466.5688195613044,4665.688195613044,-0.9383043382501215,0.11539890888789238,0.14541847124948587,-0.04785628630523057,0.4649515306707535,0.5140031651562084,0.7116846578947369,576
ratio_sweep,orfs_ssd_ctrl_cfg_run_02_p24,bump_ratio=10,tile_max,False,426.34141223252647,4263.4141223252645,-1.044130843735616,0.13363473326245562,0.16637140074918605,-0.05456234740059876,0.4134492155246033,0.4639689634356544,0.8603412631578948,576
ratio_sweep,orfs_ssd_ctrl_cfg_run_02_p24,bump_ratio=50,tile_mean,False,464.9397983131139,23246.989915655693,-0.9531070864362243,0.1158073049614656,0.1459726924758495,-0.04834588466181929,0.4649931628016158,0.5140209813211307,0.7116846578947369,576
ratio_sweep,orfs_ssd_ctrl_cfg_run_02_p24,bump_ratio=50,tile_max,False,424.8636931412197,21243.184657060985,-1.0590572047343465,0.13409604528948815,0.16697772268195576,-0.05510771322096785,0.4134202676871308,0.46397118008335175,0.8603412631578948,576
ratio_sweep,orfs_ssd_ctrl_cfg_run_02_p24,bump_ratio=200,tile_mean,False,464.6326090011618,92926.52180023237,-0.9559257980633535,0.11588473793601074,0.1460779879261425,-0.048439037594913005,0.46499077664630245,0.5140243677668992,0.7116846578947369,576
ratio_sweep,orfs_ssd_ctrl_cfg_run_02_p24,bump_ratio=200,tile_max,False,424.58503952055617,84917.00790411123,-1.0618988515300107,0.13418375570383695,0.16709290357985043,-0.05521146858543674,0.4134201420999834,0.4639716583572092,0.8603412631578948,576
ratio_sweep,orfs_ssd_ctrl_cfg_run_02_p24,bump_ratio=1000,tile_mean,False,464.55058851887605,464550.58851887606,-0.9566798875562332,0.11590543557458659,0.1461061447357186,-0.04846395471205875,0.46499887701565573,0.5140252732951525,0.7116846578947369,576
ratio_sweep,orfs_ssd_ctrl_cfg_run_02_p24,bump_ratio=1000,tile_max,False,424.5106383749313,424510.6383749313,-1.0626590437105623,0.13420720027795027,0.1671237031054752,-0.05523922125886754,0.4134230306043733,0.4639717894261917,0.8603412631578948,576
ratio_sweep,orfs_ssd_ctrl_cfg_run_03_p24,bump_ratio=0.1,tile_mean,False,678.6042333988162,67.86042333988162,-0.03909220693431381,0.07703003992946007,0.0975199200723351,-0.016629818000877896,0.5631876650833025,0.5752630079458546,0.7421898289473685,576
ratio_sweep,orfs_ssd_ctrl_cfg_run_03_p24,bump_ratio=0.1,tile_max,False,619.9603410728997,61.99603410728997,-0.16091985720264979,0.08946597648353759,0.1125247726625849,-0.01976083262141296,0.5153875229695775,0.5267910194417198,0.9454060000000002,576
ratio_sweep,orfs_ssd_ctrl_cfg_run_03_p24,bump_ratio=0.5,tile_mean,False,513.3438689874957,256.67193449374787,-0.7291654803141563,0.09909626868286782,0.1258011384565595,-0.03806027536045725,0.566168475605369,0.5784999215653523,0.7421898289473685,576
ratio_sweep,orfs_ssd_ctrl_cfg_run_03_p24,bump_ratio=0.5,tile_max,False,469.66728368912806,234.83364184456403,-0.9008961999137342,0.11412812450937068,0.14398797552666484,-0.04377806391812413,0.517657731148864,0.529323243786135,0.9454060000000002,576
ratio_sweep,orfs_ssd_ctrl_cfg_run_03_p24,bump_ratio=1,tile_mean,False,493.5867318138681,493.5867318138681,-0.8881210292615345,0.10333237663650305,0.1314562404025106,-0.04266085955445948,0.5669960319961488,0.5790202018409425,0.7421898289473685,576
ratio_sweep,orfs_ssd_ctrl_cfg_run_03_p24,bump_ratio=1,tile_max,False,451.7150207051024,451.7150207051024,-1.068810058635996,0.11870247718324513,0.15021293569852492,-0.0489100580810056,0.5182733909354357,0.529702386091509,0.9454060000000002,576
ratio_sweep,orfs_ssd_ctrl_cfg_run_03_p24,bump_ratio=2,tile_mean,False,483.7009948873885,967.401989774777,-0.9789699376503633,0.10563351343474092,0.13458166324559234,-0.045255937552223416,0.5672285565666819,0.5792819996621889,0.7421898289473685,576
ratio_sweep,orfs_ssd_ctrl_cfg_run_03_p24,bump_ratio=2,tile_max,False,442.73487026664554,885.4697405332911,-1.164527502101854,0.12119097528025836,0.1536485897395622,-0.05180236550248632,0.5184274550168628,0.5298846908445833,0.9454060000000002,576
ratio_sweep,orfs_ssd_ctrl_cfg_run_03_p24,bump_ratio=5,tile_mean,False,477.7038605727233,2388.5193028636163,-1.0383853810484251,0.10710515326026813,0.13658702344107848,-0.04694078038157034,0.5674661674159657,0.5794352342505855,0.7421898289473685,576
ratio_sweep,orfs_ssd_ctrl_cfg_run_03_p24,bump_ratio=5,tile_max,False,437.28809305724405,2186.4404652862204,-1.2270387764037358,0.12277397873515082,0.15585147388962642,-0.05367929201674027,0.5185996036531917,0.5299861684413198,0.9454060000000002,576
ratio_sweep,orfs_ssd_ctrl_cfg_run_03_p24,bump_ratio=10,tile_mean,False,475.67946902032287,4756.794690203229,-1.0592455120493818,0.10761639106465624,0.13728413665613176,-0.0475300623114731,0.5675634974414386,0.5794847059689805,0.7421898289473685,576
ratio_sweep,orfs_ssd_ctrl_cfg_run_03_p24,bump_ratio=10,tile_max,False,435.4496707807773,4354.496707807773,-1.2489701877578736,0.12332545001138805,0.1566169901795362,-0.054335598380410986,0.5186645322287758,0.5300174752009361,0.9454060000000002,576
ratio_sweep,orfs_ssd_ctrl_cfg_run_03_p24,bump_ratio=50,tile_mean,False,474.04551353184206,23702.275676592104,-1.076395798669929,0.10803351909183331,0.13785463209774673,-0.04801367291215731,0.5676255688802645,0.5795233361021553,0.7421898289473685,576
ratio_sweep,orfs_ssd_ctrl_cfg_run_03_p24,bump_ratio=50,tile_max,False,433.9658939214806,21698.29469607403,-1.266995327975378,0.12377937437586416,0.15724336780292744,-0.05487415509822818,0.518724468713684,0.5300411601972709,0.9454060000000002,576
ratio_sweep,orfs_ssd_ctrl_cfg_run_03_p24,bump_ratio=200,tile_mean,False,473.7374038497538,94747.48076995075,-1.0796619790252286,0.10811258754794342,0.13796301248604603,-0.048105684658948676,0.5676452860596185,0.5795304629305402,0.7421898289473685,576
ratio_sweep,orfs_ssd_ctrl_cfg_run_03_p24,bump_ratio=200,tile_max,False,433.6861109140978,86737.22218281956,-1.270427522666659,0.12386575259093784,0.15736235475662502,-0.054976614912414914,0.5187477651368385,0.5300454389297011,0.9454060000000002,576
ratio_sweep,orfs_ssd_ctrl_cfg_run_03_p24,bump_ratio=1000,tile_mean,False,473.6551382087249,473655.1382087249,-1.0805358062421337,0.10813372124801765,0.13799199392038466,-0.048130296438124734,0.5676499327834151,0.5795323564724153,0.7421898289473685,576
ratio_sweep,orfs_ssd_ctrl_cfg_run_03_p24,bump_ratio=1000,tile_max,False,433.6114089659674,433611.4089659674,-1.2713457328396016,0.12388883927331389,0.15739417191607852,-0.055004021072991335,0.5187505280549485,0.530046570370938,0.9454060000000002,576
ratio_sweep,orfs_ssd_ctrl_cfg_run_04_p16,bump_ratio=0.1,tile_mean,False,718.6010368192036,71.86010368192036,0.14938187267005232,0.07416404112410929,0.08933336934214539,-0.014562636451636097,0.5684657900953594,0.6088015555190811,0.5175119342105263,576
ratio_sweep,orfs_ssd_ctrl_cfg_run_04_p16,bump_ratio=0.1,tile_max,False,668.8200136899825,66.88200136899825,0.0771445616258648,0.078036169984145,0.09446879824213929,-0.016922637440342968,0.5638410550250199,0.6058175037146312,0.5558103157894738,576
ratio_sweep,orfs_ssd_ctrl_cfg_run_04_p16,bump_ratio=0.5,tile_mean,False,585.1318221582987,292.5659110791494,-0.18026987181672416,0.0851643209391113,0.105229391286604,-0.0287004415026819,0.5700656767654753,0.6110996450803744,0.5175119342105263,576
ratio_sweep,orfs_ssd_ctrl_cfg_run_04_p16,bump_ratio=0.5,tile_max,False,545.1672360634789,272.58361803173943,-0.31677819841209165,0.09126676269555982,0.1128438425813861,-0.03243721577018914,0.5650275414625462,0.6077922177162598,0.5558103157894738,576
ratio_sweep,orfs_ssd_ctrl_cfg_run_04_p16,bump_ratio=1,tile_mean,False,569.1143279776052,569.1143279776052,-0.2468115427053399,0.08726520943072041,0.10815505055797557,-0.03133827795181046,0.5704110101541088,0.61151395475445,0.5175119342105263,576
ratio_sweep,orfs_ssd_ctrl_cfg_run_04_p16,bump_ratio=1,tile_max,False,530.3364033882184,530.3364033882184,-0.3952430729217211,0.09365843479350863,0.11615729508811734,-0.03532206337058179,0.5652788731358036,0.6081552876230677,0.5558103157894738,576
ratio_sweep,orfs_ssd_ctrl_cfg_run_04_p16,bump_ratio=2,tile_mean,False,561.1557170885948,1122.3114341771895,-0.2832684760468649,0.08836831154046756,0.1097248915959086,-0.03276428641958171,0.5704774457801065,0.6117383304417404,0.5175119342105263,576
ratio_sweep,orfs_ssd_ctrl_cfg_run_04_p16,bump_ratio=2,tile_max,False,522.9685492770061,1045.9370985540122,-0.43813898204003876,0.09495080736698805,0.1179293709327504,-0.03688065129889984,0.5653005683495727,0.6083527543627363,0.5558103157894738,576
ratio_sweep,orfs_ssd_ctrl_cfg_run_04_p16,bump_ratio=5,tile_mean,False,556.3903203067474,2781.951601533737,-0.3062923833066866,0.08907250272668205,0.1107048364968326,-0.03365852986434131,0.570598794406988,0.6118796015613349,0.5175119342105263,576
ratio_sweep,orfs_ssd_ctrl_cfg_run_04_p16,bump_ratio=5,tile_max,False,518.5572927019924,2592.7864635099622,-0.4651985483144392,0.09575108241478619,0.11903366143733583,-0.037857715982015455,0.5653851514261192,0.6084773923643476,0.5558103157894738,576
ratio_sweep,orfs_ssd_ctrl_cfg_run_04_p16,bump_ratio=10,tile_mean,False,554.8024172220961,5548.024172220961,-0.3141738585437168,0.08931268281571995,0.11103830139226091,-0.03396357554712744,0.5706212117212424,0.6119279504555528,0.5175119342105263,576
ratio_sweep,orfs_ssd_ctrl_cfg_run_04_p16,bump_ratio=10,tile_max,False,517.0874680966912,5170.874680966912,-0.4744563126606385,0.09602184186477158,0.11940912261944414,-0.03819095969410743,0.5654034871784218,0.6085201034476015,0.5558103157894738,576
ratio_sweep,orfs_ssd_ctrl_cfg_run_04_p16,bump_ratio=50,tile_mean,False,553.5319882531559,27676.599412657793,-0.32055722029374345,0.0895061210444757,0.11130764894139546,-0.03421024978636598,0.5706490292848689,0.6119671223188559,0.5175119342105263,576
ratio_sweep,orfs_ssd_ctrl_cfg_run_04_p16,bump_ratio=50,tile_max,False,515.9115374672717,25795.576873363585,-0.48195247934245433,0.09623988275558983,0.11971227703348719,-0.03846041652064975,0.5654367364278884,0.6085547277211051,0.5558103157894738,576
ratio_sweep,orfs_ssd_ctrl_cfg_run_04_p16,bump_ratio=200,tile_mean,False,553.2937567228602,110658.75134457204,-0.3217620103792973,0.08954252224864881,0.1113584122772132,-0.03425676835207052,0.5706410544980054,0.6119745177278566,0.5175119342105263,576
ratio_sweep,orfs_ssd_ctrl_cfg_run_04_p16,bump_ratio=200,tile_max,False,515.6910291045664,103138.20582091328,-0.48336711316734937,0.09628091116387814,0.1197694005391066,-0.03851122954436113,0.5654289814093632,0.6085612665659628,0.5558103157894738,576
ratio_sweep,orfs_ssd_ctrl_cfg_run_04_p16,bump_ratio=1000,tile_mean,False,553.2302264591063,553230.2264591063,-0.3220837145899169,0.08955223635348893,0.11137196323807763,-0.03426918772834858,0.5706410544980054,0.6119764925967124,0.5175119342105263,576
ratio_sweep,orfs_ssd_ctrl_cfg_run_04_p16,bump_ratio=1000,tile_max,False,515.6322253070746,515632.22530707455,-0.48374484013028085,0.09629185996020546,0.11978464870386568,-0.03852479533704031,0.5654289814093632,0.6085630128042001,0.5558103157894738,576
ratio_sweep,orfs_ssd_ctrl_cfg_mid,bump_ratio=0.1,tile_mean,True,2434.9819433564603,243.49819433564605,-0.36395429264797285,0.2137344536341634,0.2521933146676869,-0.04364734878198375,-0.08390814314516537,-0.11214935823937641,0.8627525789473685,576
ratio_sweep,orfs_ssd_ctrl_cfg_mid,bump_ratio=0.1,tile_max,True,1858.8346170672744,185.88346170672745,-0.37265810341569705,0.2623086756584998,0.3112846036667424,-0.053934947269328105,-0.06416443042495218,-0.08443657684907545,1.2746093684210527,576
ratio_sweep,orfs_ssd_ctrl_cfg_mid,bump_ratio=0.5,tile_mean,True,2065.6571561421647,1032.8285780710823,-0.5185165661174143,0.22395712631773262,0.2660991139118456,-0.0635561116680532,-0.08874165854106422,-0.11797497793843187,0.8627525789473685,576
ratio_sweep,orfs_ssd_ctrl_cfg_mid,bump_ratio=0.5,tile_max,True,1573.2968070772993,786.6484035386496,-0.5382101037745826,0.27614179784100873,0.3295218987817919,-0.07920729238353798,-0.06903750701355116,-0.08970043380176414,1.2746093684210527,576
ratio_sweep,orfs_ssd_ctrl_cfg_mid,bump_ratio=1,tile_mean,True,2022.2202649870687,2022.2202649870687,-0.5448718964485049,0.22564925731322388,0.2683983846352075,-0.0669816609282003,-0.08929568755506256,-0.11891521530395646,0.8627525789473685,576
ratio_sweep,orfs_ssd_ctrl_cfg_mid,bump_ratio=1,tile_max,True,1539.6069339839953,1539.6069339839953,-0.5665782393265282,0.2784109282648577,0.33254658815018845,-0.08356737607293213,-0.06957043746226792,-0.09053560011082026,1.2746093684210527,576
ratio_sweep,orfs_ssd_ctrl_cfg_mid,bump_ratio=2,tile_mean,True,2000.7238666329722,4001.4477332659444,-0.558902169292383,0.22656135794021665,0.26961440497584244,-0.06880806328830891,-0.08952645448540869,-0.11941738442576011,0.8627525789473685,576
ratio_sweep,orfs_ssd_ctrl_cfg_mid,bump_ratio=2,tile_max,True,1522.9180617011282,3045.8361234022564,-0.581689508268191,0.2796149784982643,0.33414661698495446,-0.08589280534661634,-0.06976016873960945,-0.09097707571022381,1.2746093684210527,576
ratio_sweep,orfs_ssd_ctrl_cfg_mid,bump_ratio=5,tile_mean,True,1987.8700900112306,9939.350450056152,-0.56764125256008,0.22712636848373094,0.2703690674111079,-0.06994648104463033,-0.08968381555410186,-0.11973307914161496,0.8627525789473685,576
ratio_sweep,orfs_ssd_ctrl_cfg_mid,bump_ratio=5,tile_max,True,1512.9323630013528,7564.661815006764,-0.5911032909931813,0.28036178544832663,0.33513951638074735,-0.0873423680691534,-0.06987504988205405,-0.09125191336360004,1.2746093684210527,576
ratio_sweep,orfs_ssd_ctrl_cfg_mid,bump_ratio=10,tile_mean,True,1983.5875894068645,19835.875894068646,-0.5706150060805433,0.22731735053957575,0.2706253856317749,-0.07033397255249704,-0.08975153858386466,-0.11984143404639006,0.8627525789473685,576
ratio_sweep,orfs_ssd_ctrl_cfg_mid,bump_ratio=10,tile_max,True,1509.6041108086117,15096.041108086118,-0.5943065411919344,0.2806142823895603,0.33547670251890815,-0.08783575382640085,-0.06993366783585128,-0.09134558633939555,1.2746093684210527,576
ratio_sweep,orfs_ssd_ctrl_cfg_mid,bump_ratio=50,tile_mean,True,1980.16067686505,99008.0338432525,-0.5730179668071111,0.22747282864721452,0.2708323280169503,-0.07064711785648305,-0.08987348399304348,-0.11992946948059377,0.8627525789473685,576
ratio_sweep,orfs_ssd_ctrl_cfg_mid,bump_ratio=50,tile_max,True,1506.9402664927686,75347.01332463844,-0.5968948129158353,0.2808177072892121,0.3357489063626586,-0.08823446242400625,-0.07006892554605935,-0.0914213933688933,1.2746093684210527,576
ratio_sweep,orfs_ssd_ctrl_cfg_mid,bump_ratio=200,tile_mean,True,1979.517952054896,395903.59041097923,-0.5734710003508772,0.2275022108680651,0.27087132544068676,-0.07070615808663945,-0.08991197654496245,-0.11994612199739141,0.8627525789473685,576
ratio_sweep,orfs_ssd_ctrl_cfg_mid,bump_ratio=200,tile_max,True,1506.4406007808134,301288.12015616265,-0.5973827645651621,0.2808559982842881,0.33580019863256144,-0.08830963288795732,-0.07010289695795469,-0.09143569997161854,1.2746093684210527,576
ratio_sweep,orfs_ssd_ctrl_cfg_mid,bump_ratio=1000,tile_mean,True,1979.3465465394077,1979346.5465394077,-0.5735919447236735,0.22751005350492434,0.2708817354619239,-0.07072191991576421,-0.08991197654496245,-0.11995057082060717,0.8627525789473685,576
ratio_sweep,orfs_ssd_ctrl_cfg_mid,bump_ratio=1000,tile_max,True,1506.3073439994994,1506307.3439994995,-0.597513029700051,0.28086621738382933,0.3358138904562669,-0.0883297008553321,-0.07010289695795469,-0.0914395202243545,1.2746093684210527,576
